Date,price
12/5/2004,0.101728
13/5/2004,0.095802
14/5/2004,0.094815
17/5/2004,0.088889
18/5/2004,0.08395
19/5/2004,0.088889
20/5/2004,0.091852
21/5/2004,0.097778
24/5/2004,0.091852
25/5/2004,0.092839
26/5/2004,0.092839
27/5/2004,0.091852
28/5/2004,0.092839
31/5/2004,0.093827
1/6/2004,0.090864
2/6/2004,0.093827
3/6/2004,0.092839
4/6/2004,0.092839
7/6/2004,0.088889
8/6/2004,0.092839
9/6/2004,0.088889
10/6/2004,0.088889
11/6/2004,0.090864
14/6/2004,0.089876
15/6/2004,0.091852
16/6/2004,0.089876
17/6/2004,0.088889
18/6/2004,0.090864
21/6/2004,0.090864
22/6/2004,0.090864
23/6/2004,0.091852
24/6/2004,0.093827
25/6/2004,0.093827
28/6/2004,0.094815
29/6/2004,0.092839
30/6/2004,0.093827
1/7/2004,0.093827
2/7/2004,0.092839
5/7/2004,0.092839
6/7/2004,0.093827
7/7/2004,0.095802
8/7/2004,0.093827
9/7/2004,0.092839
12/7/2004,0.095802
13/7/2004,0.093827
14/7/2004,0.095802
15/7/2004,0.093827
16/7/2004,0.093827
19/7/2004,0.093827
20/7/2004,0.093827
21/7/2004,0.093827
22/7/2004,0.098765
23/7/2004,0.098765
26/7/2004,0.098765
27/7/2004,0.094815
28/7/2004,0.093827
29/7/2004,0.094815
30/7/2004,0.095802
2/8/2004,0.09679
3/8/2004,0.09679
4/8/2004,0.093827
5/8/2004,0.093827
6/8/2004,0.093827
9/8/2004,0.094815
10/8/2004,0.094815
11/8/2004,0.09679
12/8/2004,0.09679
13/8/2004,0.094815
16/8/2004,0.094815
17/8/2004,0.09679
18/8/2004,0.097778
19/8/2004,0.097778
20/8/2004,0.097778
23/8/2004,0.09679
24/8/2004,0.098765
25/8/2004,0.098765
26/8/2004,0.103703
27/8/2004,0.106666
30/8/2004,0.102716
31/8/2004,0.103703
1/9/2004,0.098765
2/9/2004,0.103703
3/9/2004,0.103703
6/9/2004,0.103703
7/9/2004,0.101728
8/9/2004,0.103703
9/9/2004,0.099753
10/9/2004,0.102716
13/9/2004,0.102716
14/9/2004,0.101728
15/9/2004,0.103703
16/9/2004,0.103703
17/9/2004,0.10074
20/9/2004,0.103703
21/9/2004,0.103703
22/9/2004,0.10074
23/9/2004,0.10074
24/9/2004,0.10074
27/9/2004,0.10074
28/9/2004,0.10074
29/9/2004,0.10074
30/9/2004,0.102716
1/10/2004,0.102716
4/10/2004,0.103703
5/10/2004,0.102716
6/10/2004,0.103703
7/10/2004,0.104691
8/10/2004,0.105679
11/10/2004,0.105679
12/10/2004,0.106666
13/10/2004,0.107654
14/10/2004,0.103703
15/10/2004,0.103703
18/10/2004,0.103703
19/10/2004,0.10074
20/10/2004,0.101728
21/10/2004,0.102716
22/10/2004,0.102716
25/10/2004,0.103703
26/10/2004,0.109629
27/10/2004,0.109629
28/10/2004,0.110617
29/10/2004,0.109629
1/11/2004,0.106666
2/11/2004,0.106666
3/11/2004,0.11358
4/11/2004,0.11358
5/11/2004,0.120494
8/11/2004,0.12642
9/11/2004,0.12642
10/11/2004,0.12642
11/11/2004,0.128395
12/11/2004,0.131358
15/11/2004,0.136296
16/11/2004,0.141234
17/11/2004,0.14716
18/11/2004,0.151111
19/11/2004,0.151111
22/11/2004,0.151111
23/11/2004,0.151111
24/11/2004,0.148148
25/11/2004,0.149136
26/11/2004,0.145185
29/11/2004,0.138271
30/11/2004,0.140247
1/12/2004,0.14321
2/12/2004,0.133333
3/12/2004,0.136296
6/12/2004,0.138271
7/12/2004,0.139259
8/12/2004,0.139259
9/12/2004,0.136296
10/12/2004,0.136296
13/12/2004,0.138271
14/12/2004,0.138271
15/12/2004,0.138271
16/12/2004,0.142222
17/12/2004,0.142222
20/12/2004,0.14716
21/12/2004,0.14716
22/12/2004,0.14716
23/12/2004,0.148148
24/12/2004,0.158025
27/12/2004,0.158025
28/12/2004,0.158025
29/12/2004,0.156049
30/12/2004,0.156049
31/12/2004,0.156049
3/1/2005,0.153086
4/1/2005,0.148148
5/1/2005,0.150123
6/1/2005,0.152099
7/1/2005,0.151111
10/1/2005,0.157037
11/1/2005,0.153086
12/1/2005,0.151111
13/1/2005,0.151111
14/1/2005,0.150123
17/1/2005,0.150123
18/1/2005,0.150123
19/1/2005,0.150123
20/1/2005,0.148148
21/1/2005,0.148148
24/1/2005,0.148148
25/1/2005,0.148148
26/1/2005,0.14321
27/1/2005,0.167901
28/1/2005,0.162963
31/1/2005,0.16
1/2/2005,0.158025
2/2/2005,0.16
3/2/2005,0.162963
4/2/2005,0.158025
7/2/2005,0.162963
8/2/2005,0.162963
14/2/2005,0.162963
15/2/2005,0.161975
16/2/2005,0.16
17/2/2005,0.16
18/2/2005,0.158025
21/2/2005,0.158025
22/2/2005,0.155062
23/2/2005,0.156049
24/2/2005,0.156049
25/2/2005,0.159012
28/2/2005,0.16
1/3/2005,0.159012
2/3/2005,0.167901
3/3/2005,0.173827
4/3/2005,0.175802
7/3/2005,0.17679
8/3/2005,0.180741
9/3/2005,0.186667
10/3/2005,0.184691
11/3/2005,0.192593
14/3/2005,0.194568
15/3/2005,0.202469
16/3/2005,0.197531
17/3/2005,0.2
18/3/2005,0.2
21/3/2005,0.196543
22/3/2005,0.207407
23/3/2005,0.207407
24/3/2005,0.207407
29/3/2005,0.212346
30/3/2005,0.214815
31/3/2005,0.212346
1/4/2005,0.227161
4/4/2005,0.246914
6/4/2005,0.276543
7/4/2005,0.311111
8/4/2005,0.28642
11/4/2005,0.28642
12/4/2005,0.271605
13/4/2005,0.261729
14/4/2005,0.261729
15/4/2005,0.246914
18/4/2005,0.246914
19/4/2005,0.244445
20/4/2005,0.244445
21/4/2005,0.241975
22/4/2005,0.25679
25/4/2005,0.264198
26/4/2005,0.274074
27/4/2005,0.301235
28/4/2005,0.288889
29/4/2005,0.271605
3/5/2005,0.28642
4/5/2005,0.271605
5/5/2005,0.276543
6/5/2005,0.285926
9/5/2005,0.284445
10/5/2005,0.288889
11/5/2005,0.278519
12/5/2005,0.26963
13/5/2005,0.274074
17/5/2005,0.281482
18/5/2005,0.296297
19/5/2005,0.293334
20/5/2005,0.291852
23/5/2005,0.293334
24/5/2005,0.291852
25/5/2005,0.290371
26/5/2005,0.288889
27/5/2005,0.287408
30/5/2005,0.287408
31/5/2005,0.285926
1/6/2005,0.281482
2/6/2005,0.293334
3/6/2005,0.288889
6/6/2005,0.281482
7/6/2005,0.275556
8/6/2005,0.274074
9/6/2005,0.274074
10/6/2005,0.284445
13/6/2005,0.284445
14/6/2005,0.277037
15/6/2005,0.285926
16/6/2005,0.285926
17/6/2005,0.282963
20/6/2005,0.293334
21/6/2005,0.282963
22/6/2005,0.275556
23/6/2005,0.277037
24/6/2005,0.274074
27/6/2005,0.284445
28/6/2005,0.288889
29/6/2005,0.291852
30/6/2005,0.293334
4/7/2005,0.290371
5/7/2005,0.290371
6/7/2005,0.290371
7/7/2005,0.296297
8/7/2005,0.288889
11/7/2005,0.281482
12/7/2005,0.253333
13/7/2005,0.254815
14/7/2005,0.263704
15/7/2005,0.263704
18/7/2005,0.260741
19/7/2005,0.254815
20/7/2005,0.248889
21/7/2005,0.234074
22/7/2005,0.223704
25/7/2005,0.219259
26/7/2005,0.225185
27/7/2005,0.234074
28/7/2005,0.22963
29/7/2005,0.238519
1/8/2005,0.241482
2/8/2005,0.244445
3/8/2005,0.247408
4/8/2005,0.248889
5/8/2005,0.254815
8/8/2005,0.248889
9/8/2005,0.251852
10/8/2005,0.248889
11/8/2005,0.25037
12/8/2005,0.253333
15/8/2005,0.253333
16/8/2005,0.251852
17/8/2005,0.25037
18/8/2005,0.245926
19/8/2005,0.241482
22/8/2005,0.241482
23/8/2005,0.247408
24/8/2005,0.241482
25/8/2005,0.242963
26/8/2005,0.244445
29/8/2005,0.248889
30/8/2005,0.25037
31/8/2005,0.251852
1/9/2005,0.251852
2/9/2005,0.251852
5/9/2005,0.253333
6/9/2005,0.253333
7/9/2005,0.259259
8/9/2005,0.259259
9/9/2005,0.254815
12/9/2005,0.259259
13/9/2005,0.260741
14/9/2005,0.262222
15/9/2005,0.259259
16/9/2005,0.256296
20/9/2005,0.256296
21/9/2005,0.259259
22/9/2005,0.266667
23/9/2005,0.266667
26/9/2005,0.28
27/9/2005,0.257778
28/9/2005,0.260741
29/9/2005,0.257778
30/9/2005,0.272593
3/10/2005,0.271111
4/10/2005,0.271111
5/10/2005,0.26963
6/10/2005,0.266667
7/10/2005,0.266667
10/10/2005,0.263704
12/10/2005,0.259259
13/10/2005,0.256296
14/10/2005,0.256296
17/10/2005,0.251852
18/10/2005,0.251852
19/10/2005,0.251852
20/10/2005,0.251852
21/10/2005,0.253333
24/10/2005,0.251852
25/10/2005,0.251852
26/10/2005,0.251852
27/10/2005,0.251852
28/10/2005,0.248889
31/10/2005,0.251852
1/11/2005,0.251852
2/11/2005,0.238519
3/11/2005,0.251852
4/11/2005,0.253333
7/11/2005,0.242963
8/11/2005,0.247408
9/11/2005,0.247408
10/11/2005,0.251852
11/11/2005,0.25037
14/11/2005,0.251852
15/11/2005,0.25037
16/11/2005,0.251852
17/11/2005,0.25037
18/11/2005,0.251852
21/11/2005,0.248889
22/11/2005,0.248889
23/11/2005,0.244445
24/11/2005,0.248889
25/11/2005,0.241482
28/11/2005,0.242963
29/11/2005,0.241482
30/11/2005,0.24
1/12/2005,0.244445
2/12/2005,0.244445
5/12/2005,0.241482
6/12/2005,0.24
7/12/2005,0.24
8/12/2005,0.24
9/12/2005,0.231111
12/12/2005,0.232593
13/12/2005,0.234074
14/12/2005,0.235556
15/12/2005,0.235556
16/12/2005,0.234074
19/12/2005,0.234074
20/12/2005,0.234074
21/12/2005,0.234074
22/12/2005,0.234074
23/12/2005,0.234074
28/12/2005,0.235556
29/12/2005,0.235556
30/12/2005,0.235556
3/1/2006,0.237037
4/1/2006,0.238519
5/1/2006,0.238519
6/1/2006,0.238519
9/1/2006,0.238519
10/1/2006,0.238519
11/1/2006,0.235556
12/1/2006,0.237037
13/1/2006,0.238519
16/1/2006,0.234074
17/1/2006,0.234074
18/1/2006,0.225185
19/1/2006,0.237037
20/1/2006,0.231111
23/1/2006,0.219259
24/1/2006,0.225185
25/1/2006,0.238519
26/1/2006,0.232593
27/1/2006,0.232593
1/2/2006,0.228148
2/2/2006,0.228148
3/2/2006,0.234074
6/2/2006,0.237037
7/2/2006,0.244445
8/2/2006,0.24
9/2/2006,0.24
10/2/2006,0.247408
13/2/2006,0.260741
14/2/2006,0.253333
15/2/2006,0.259259
16/2/2006,0.259259
17/2/2006,0.253333
20/2/2006,0.253333
21/2/2006,0.262222
22/2/2006,0.271111
23/2/2006,0.281482
24/2/2006,0.274074
27/2/2006,0.265185
28/2/2006,0.268148
1/3/2006,0.262222
2/3/2006,0.262222
3/3/2006,0.259259
6/3/2006,0.254815
7/3/2006,0.244445
8/3/2006,0.242963
9/3/2006,0.257778
10/3/2006,0.25037
13/3/2006,0.251852
14/3/2006,0.248889
15/3/2006,0.248889
16/3/2006,0.247408
17/3/2006,0.25037
20/3/2006,0.248889
21/3/2006,0.244445
22/3/2006,0.251852
23/3/2006,0.25037
24/3/2006,0.25037
27/3/2006,0.247408
28/3/2006,0.242963
29/3/2006,0.247408
30/3/2006,0.247408
31/3/2006,0.263704
3/4/2006,0.257778
4/4/2006,0.253333
6/4/2006,0.251852
7/4/2006,0.25037
10/4/2006,0.253333
11/4/2006,0.256296
12/4/2006,0.251852
13/4/2006,0.238519
18/4/2006,0.24
19/4/2006,0.241482
20/4/2006,0.235556
21/4/2006,0.241482
24/4/2006,0.238519
25/4/2006,0.231111
26/4/2006,0.232593
27/4/2006,0.232593
28/4/2006,0.234074
2/5/2006,0.237037
3/5/2006,0.24
4/5/2006,0.24
8/5/2006,0.24
9/5/2006,0.237037
10/5/2006,0.237037
11/5/2006,0.235556
12/5/2006,0.208889
15/5/2006,0.191111
16/5/2006,0.18963
17/5/2006,0.192593
18/5/2006,0.195556
19/5/2006,0.202963
22/5/2006,0.194074
23/5/2006,0.194074
24/5/2006,0.197037
25/5/2006,0.192593
26/5/2006,0.191111
29/5/2006,0.18963
30/5/2006,0.195556
1/6/2006,0.191111
2/6/2006,0.197037
5/6/2006,0.2
6/6/2006,0.2
7/6/2006,0.191111
8/6/2006,0.18963
9/6/2006,0.18963
12/6/2006,0.192593
13/6/2006,0.188148
14/6/2006,0.197037
15/6/2006,0.18963
16/6/2006,0.191111
19/6/2006,0.18963
20/6/2006,0.186667
21/6/2006,0.188148
22/6/2006,0.188148
23/6/2006,0.188148
26/6/2006,0.195556
27/6/2006,0.192593
28/6/2006,0.192593
29/6/2006,0.192593
30/6/2006,0.195556
3/7/2006,0.195556
4/7/2006,0.192593
5/7/2006,0.194074
6/7/2006,0.195556
7/7/2006,0.192593
10/7/2006,0.18963
11/7/2006,0.188148
12/7/2006,0.192593
13/7/2006,0.192593
14/7/2006,0.18963
17/7/2006,0.185185
18/7/2006,0.186667
19/7/2006,0.186667
20/7/2006,0.185185
21/7/2006,0.186667
24/7/2006,0.191111
25/7/2006,0.18963
26/7/2006,0.18963
27/7/2006,0.188148
28/7/2006,0.188148
31/7/2006,0.186667
1/8/2006,0.186667
2/8/2006,0.185185
3/8/2006,0.186667
4/8/2006,0.186667
7/8/2006,0.192593
8/8/2006,0.198519
9/8/2006,0.198519
10/8/2006,0.202963
11/8/2006,0.202963
14/8/2006,0.195556
15/8/2006,0.192593
16/8/2006,0.197037
17/8/2006,0.192593
18/8/2006,0.197037
21/8/2006,0.194074
22/8/2006,0.194074
23/8/2006,0.201481
24/8/2006,0.194074
25/8/2006,0.194074
28/8/2006,0.198519
29/8/2006,0.192593
30/8/2006,0.207407
31/8/2006,0.207407
1/9/2006,0.207407
4/9/2006,0.205926
5/9/2006,0.18963
6/9/2006,0.18963
7/9/2006,0.191111
8/9/2006,0.18963
11/9/2006,0.188148
12/9/2006,0.182222
13/9/2006,0.177778
14/9/2006,0.168889
15/9/2006,0.174815
18/9/2006,0.171852
19/9/2006,0.167407
20/9/2006,0.161481
21/9/2006,0.162963
22/9/2006,0.152592
25/9/2006,0.165926
26/9/2006,0.168889
27/9/2006,0.171852
28/9/2006,0.174815
29/9/2006,0.174815
3/10/2006,0.177778
4/10/2006,0.168889
5/10/2006,0.162963
6/10/2006,0.161481
9/10/2006,0.164444
10/10/2006,0.162963
11/10/2006,0.16
12/10/2006,0.161481
13/10/2006,0.164444
16/10/2006,0.167407
17/10/2006,0.164444
18/10/2006,0.162963
19/10/2006,0.168889
20/10/2006,0.174815
23/10/2006,0.171852
24/10/2006,0.167407
25/10/2006,0.167407
26/10/2006,0.168889
27/10/2006,0.168889
31/10/2006,0.167407
1/11/2006,0.158518
2/11/2006,0.162963
3/11/2006,0.162963
6/11/2006,0.162963
7/11/2006,0.161481
8/11/2006,0.158518
9/11/2006,0.162963
10/11/2006,0.162963
13/11/2006,0.161481
14/11/2006,0.158518
15/11/2006,0.16
16/11/2006,0.158518
17/11/2006,0.16
20/11/2006,0.154074
21/11/2006,0.157037
22/11/2006,0.154074
23/11/2006,0.152592
24/11/2006,0.152592
27/11/2006,0.152592
28/11/2006,0.14963
29/11/2006,0.148148
30/11/2006,0.152592
1/12/2006,0.152592
4/12/2006,0.143704
5/12/2006,0.139259
6/12/2006,0.139259
7/12/2006,0.148148
8/12/2006,0.139259
11/12/2006,0.146667
12/12/2006,0.143704
13/12/2006,0.142222
14/12/2006,0.145185
15/12/2006,0.139259
18/12/2006,0.142222
19/12/2006,0.139259
20/12/2006,0.140741
21/12/2006,0.139259
22/12/2006,0.140741
27/12/2006,0.140741
28/12/2006,0.139259
29/12/2006,0.136296
2/1/2007,0.139259
3/1/2007,0.140741
4/1/2007,0.142222
5/1/2007,0.143704
8/1/2007,0.142222
9/1/2007,0.142222
10/1/2007,0.142222
11/1/2007,0.143704
12/1/2007,0.145185
15/1/2007,0.152592
16/1/2007,0.161481
17/1/2007,0.168889
18/1/2007,0.168889
19/1/2007,0.168889
22/1/2007,0.168889
23/1/2007,0.17037
24/1/2007,0.167407
25/1/2007,0.162963
26/1/2007,0.16
29/1/2007,0.158518
30/1/2007,0.162963
31/1/2007,0.162963
1/2/2007,0.161481
2/2/2007,0.16
5/2/2007,0.16
6/2/2007,0.164444
7/2/2007,0.164444
8/2/2007,0.17037
9/2/2007,0.192593
12/2/2007,0.202963
13/2/2007,0.198519
14/2/2007,0.207407
15/2/2007,0.201481
16/2/2007,0.201481
21/2/2007,0.202963
22/2/2007,0.207407
23/2/2007,0.222222
26/2/2007,0.220741
27/2/2007,0.211852
28/2/2007,0.205926
1/3/2007,0.201481
2/3/2007,0.201481
5/3/2007,0.183704
6/3/2007,0.192593
7/3/2007,0.2
8/3/2007,0.198519
9/3/2007,0.192593
12/3/2007,0.197037
13/3/2007,0.195556
14/3/2007,0.195556
15/3/2007,0.192593
16/3/2007,0.18963
19/3/2007,0.18963
20/3/2007,0.18963
21/3/2007,0.191111
22/3/2007,0.191111
23/3/2007,0.192593
26/3/2007,0.191111
27/3/2007,0.18963
28/3/2007,0.192593
29/3/2007,0.197037
30/3/2007,0.197037
2/4/2007,0.202963
3/4/2007,0.201481
4/4/2007,0.192593
10/4/2007,0.188148
11/4/2007,0.186667
12/4/2007,0.186667
13/4/2007,0.186667
16/4/2007,0.185185
17/4/2007,0.186667
18/4/2007,0.186667
19/4/2007,0.183704
20/4/2007,0.186667
23/4/2007,0.188148
24/4/2007,0.185185
25/4/2007,0.18963
26/4/2007,0.18963
27/4/2007,0.194074
30/4/2007,0.197037
2/5/2007,0.207407
3/5/2007,0.207407
4/5/2007,0.202963
7/5/2007,0.198519
8/5/2007,0.197037
9/5/2007,0.197037
10/5/2007,0.2
11/5/2007,0.2
14/5/2007,0.21037
15/5/2007,0.213333
16/5/2007,0.220741
17/5/2007,0.213333
18/5/2007,0.207407
21/5/2007,0.207407
22/5/2007,0.204444
23/5/2007,0.207407
25/5/2007,0.207407
28/5/2007,0.202963
29/5/2007,0.197037
30/5/2007,0.205926
31/5/2007,0.21037
1/6/2007,0.207407
4/6/2007,0.216296
5/6/2007,0.213333
6/6/2007,0.213333
7/6/2007,0.213333
8/6/2007,0.217778
11/6/2007,0.24
12/6/2007,0.248889
13/6/2007,0.241482
14/6/2007,0.245926
15/6/2007,0.241482
18/6/2007,0.237037
20/6/2007,0.247408
21/6/2007,0.247408
22/6/2007,0.247408
25/6/2007,0.248889
26/6/2007,0.244445
27/6/2007,0.238519
28/6/2007,0.232593
29/6/2007,0.232593
3/7/2007,0.232593
4/7/2007,0.238519
5/7/2007,0.238519
6/7/2007,0.235556
9/7/2007,0.248889
10/7/2007,0.254815
11/7/2007,0.260741
12/7/2007,0.253333
13/7/2007,0.254815
16/7/2007,0.251852
17/7/2007,0.256296
18/7/2007,0.257778
19/7/2007,0.254815
20/7/2007,0.257778
23/7/2007,0.253333
24/7/2007,0.254815
25/7/2007,0.242963
26/7/2007,0.245926
27/7/2007,0.24
30/7/2007,0.277037
31/7/2007,0.308148
1/8/2007,0.300741
2/8/2007,0.296297
3/8/2007,0.285926
6/8/2007,0.26963
7/8/2007,0.268148
8/8/2007,0.28
9/8/2007,0.275556
10/8/2007,0.266667
13/8/2007,0.254815
14/8/2007,0.25037
15/8/2007,0.232593
16/8/2007,0.208889
17/8/2007,0.202963
20/8/2007,0.216296
21/8/2007,0.219259
22/8/2007,0.219259
23/8/2007,0.235556
24/8/2007,0.245926
27/8/2007,0.245926
28/8/2007,0.242963
29/8/2007,0.238519
30/8/2007,0.259259
31/8/2007,0.263704
3/9/2007,0.268148
4/9/2007,0.263704
5/9/2007,0.268148
6/9/2007,0.262222
7/9/2007,0.274074
10/9/2007,0.265185
11/9/2007,0.257778
12/9/2007,0.253333
13/9/2007,0.257778
14/9/2007,0.260741
17/9/2007,0.265185
18/9/2007,0.259259
19/9/2007,0.260741
20/9/2007,0.263704
21/9/2007,0.257778
24/9/2007,0.253333
25/9/2007,0.242963
27/9/2007,0.248889
28/9/2007,0.25037
2/10/2007,0.24
3/10/2007,0.225185
4/10/2007,0.226667
5/10/2007,0.234074
8/10/2007,0.237037
9/10/2007,0.234074
10/10/2007,0.232593
11/10/2007,0.222222
12/10/2007,0.222222
15/10/2007,0.214815
16/10/2007,0.225185
17/10/2007,0.234074
18/10/2007,0.22963
22/10/2007,0.22963
23/10/2007,0.222222
24/10/2007,0.220741
25/10/2007,0.225185
26/10/2007,0.225185
29/10/2007,0.222222
30/10/2007,0.220741
31/10/2007,0.226667
1/11/2007,0.234074
2/11/2007,0.234074
5/11/2007,0.232593
6/11/2007,0.25037
7/11/2007,0.245926
8/11/2007,0.245926
9/11/2007,0.256296
12/11/2007,0.245926
13/11/2007,0.244445
14/11/2007,0.25037
15/11/2007,0.25037
16/11/2007,0.244445
19/11/2007,0.242963
20/11/2007,0.234074
21/11/2007,0.232593
22/11/2007,0.232593
23/11/2007,0.228148
26/11/2007,0.22963
27/11/2007,0.220741
28/11/2007,0.222222
29/11/2007,0.222222
30/11/2007,0.219259
3/12/2007,0.225185
4/12/2007,0.22963
5/12/2007,0.231111
6/12/2007,0.237037
7/12/2007,0.232593
10/12/2007,0.234074
11/12/2007,0.234074
12/12/2007,0.22963
13/12/2007,0.225185
14/12/2007,0.228148
17/12/2007,0.222222
18/12/2007,0.219259
19/12/2007,0.216296
20/12/2007,0.225185
21/12/2007,0.225185
24/12/2007,0.225185
27/12/2007,0.219259
28/12/2007,0.220741
31/12/2007,0.214815
2/1/2008,0.222222
3/1/2008,0.220741
4/1/2008,0.225185
7/1/2008,0.235556
8/1/2008,0.231111
9/1/2008,0.24
10/1/2008,0.238519
11/1/2008,0.238519
14/1/2008,0.22963
15/1/2008,0.222222
16/1/2008,0.207407
17/1/2008,0.207407
18/1/2008,0.213333
21/1/2008,0.211852
22/1/2008,0.180741
23/1/2008,0.186667
24/1/2008,0.197037
25/1/2008,0.202963
28/1/2008,0.2
29/1/2008,0.201481
30/1/2008,0.195556
31/1/2008,0.18963
1/2/2008,0.192593
4/2/2008,0.2
5/2/2008,0.201481
6/2/2008,0.192593
11/2/2008,0.2
12/2/2008,0.21037
13/2/2008,0.204444
14/2/2008,0.202963
15/2/2008,0.2
18/2/2008,0.2
19/2/2008,0.201481
20/2/2008,0.202963
21/2/2008,0.198519
22/2/2008,0.202963
25/2/2008,0.202963
26/2/2008,0.21037
27/2/2008,0.207407
28/2/2008,0.217778
29/2/2008,0.222222
3/3/2008,0.228148
4/3/2008,0.219259
5/3/2008,0.223704
6/3/2008,0.217778
7/3/2008,0.211852
10/3/2008,0.213333
11/3/2008,0.220741
12/3/2008,0.219259
13/3/2008,0.219259
14/3/2008,0.220741
17/3/2008,0.213333
18/3/2008,0.202963
19/3/2008,0.219259
20/3/2008,0.213333
25/3/2008,0.217778
26/3/2008,0.220741
27/3/2008,0.225185
28/3/2008,0.225185
31/3/2008,0.226667
1/4/2008,0.223704
2/4/2008,0.214815
3/4/2008,0.219259
7/4/2008,0.228148
8/4/2008,0.222222
9/4/2008,0.22963
10/4/2008,0.226667
11/4/2008,0.232593
14/4/2008,0.232593
15/4/2008,0.234074
16/4/2008,0.234074
17/4/2008,0.225185
18/4/2008,0.222222
21/4/2008,0.226667
22/4/2008,0.228148
23/4/2008,0.219259
24/4/2008,0.225185
25/4/2008,0.225185
28/4/2008,0.223704
29/4/2008,0.223704
30/4/2008,0.225185
2/5/2008,0.222222
5/5/2008,0.222222
6/5/2008,0.222222
7/5/2008,0.225185
8/5/2008,0.217778
9/5/2008,0.222222
13/5/2008,0.222222
14/5/2008,0.222222
15/5/2008,0.220741
16/5/2008,0.24
19/5/2008,0.266667
20/5/2008,0.257778
21/5/2008,0.251852
22/5/2008,0.251852
23/5/2008,0.251852
26/5/2008,0.247408
27/5/2008,0.247408
28/5/2008,0.247408
29/5/2008,0.254815
30/5/2008,0.247408
2/6/2008,0.247408
3/6/2008,0.247408
4/6/2008,0.247408
5/6/2008,0.248889
6/6/2008,0.25037
10/6/2008,0.24
11/6/2008,0.234074
12/6/2008,0.241482
13/6/2008,0.237037
16/6/2008,0.235556
17/6/2008,0.231111
18/6/2008,0.237037
19/6/2008,0.235556
20/6/2008,0.237037
23/6/2008,0.235556
24/6/2008,0.22963
25/6/2008,0.234074
26/6/2008,0.235556
27/6/2008,0.232593
30/6/2008,0.234074
2/7/2008,0.231111
3/7/2008,0.222222
4/7/2008,0.208889
7/7/2008,0.208889
8/7/2008,0.2
9/7/2008,0.205926
10/7/2008,0.207407
11/7/2008,0.21037
14/7/2008,0.214815
15/7/2008,0.219259
16/7/2008,0.219259
17/7/2008,0.219259
18/7/2008,0.225185
21/7/2008,0.228148
22/7/2008,0.222222
23/7/2008,0.217778
24/7/2008,0.214815
25/7/2008,0.214815
28/7/2008,0.219259
29/7/2008,0.217778
30/7/2008,0.223704
31/7/2008,0.223704
1/8/2008,0.222222
4/8/2008,0.222222
5/8/2008,0.216296
6/8/2008,0.216296
7/8/2008,0.213333
8/8/2008,0.207407
11/8/2008,0.201481
12/8/2008,0.2
13/8/2008,0.185185
14/8/2008,0.18963
15/8/2008,0.194074
18/8/2008,0.191111
19/8/2008,0.18963
20/8/2008,0.197037
21/8/2008,0.194074
22/8/2008,0.194074
25/8/2008,0.198519
26/8/2008,0.204444
27/8/2008,0.211852
28/8/2008,0.207407
29/8/2008,0.21037
1/9/2008,0.211852
2/9/2008,0.211852
3/9/2008,0.204444
4/9/2008,0.18963
5/9/2008,0.192593
8/9/2008,0.194074
9/9/2008,0.191111
10/9/2008,0.194074
11/9/2008,0.192593
12/9/2008,0.194074
16/9/2008,0.183704
17/9/2008,0.176296
18/9/2008,0.17037
19/9/2008,0.177778
22/9/2008,0.177778
23/9/2008,0.171852
24/9/2008,0.174815
25/9/2008,0.174815
26/9/2008,0.168889
29/9/2008,0.161481
30/9/2008,0.151111
2/10/2008,0.151111
3/10/2008,0.143704
6/10/2008,0.139259
8/10/2008,0.127407
9/10/2008,0.133333
10/10/2008,0.118518
13/10/2008,0.124444
14/10/2008,0.137778
15/10/2008,0.134815
16/10/2008,0.125926
17/10/2008,0.121481
20/10/2008,0.118518
21/10/2008,0.112592
22/10/2008,0.111111
23/10/2008,0.115555
24/10/2008,0.115555
27/10/2008,0.106666
28/10/2008,0.112592
29/10/2008,0.108148
30/10/2008,0.118518
31/10/2008,0.117037
3/11/2008,0.117037
4/11/2008,0.122963
5/11/2008,0.128889
6/11/2008,0.125926
7/11/2008,0.145185
10/11/2008,0.148148
11/11/2008,0.146667
12/11/2008,0.145185
13/11/2008,0.151111
14/11/2008,0.148148
17/11/2008,0.151111
18/11/2008,0.145185
19/11/2008,0.161481
20/11/2008,0.152592
21/11/2008,0.161481
24/11/2008,0.152592
25/11/2008,0.152592
26/11/2008,0.154074
27/11/2008,0.155555
28/11/2008,0.151111
1/12/2008,0.152592
2/12/2008,0.14963
3/12/2008,0.152592
4/12/2008,0.152592
5/12/2008,0.151111
8/12/2008,0.157037
9/12/2008,0.152592
10/12/2008,0.158518
11/12/2008,0.158518
12/12/2008,0.152592
15/12/2008,0.148148
16/12/2008,0.165926
17/12/2008,0.162963
18/12/2008,0.164444
19/12/2008,0.165926
22/12/2008,0.164444
23/12/2008,0.167407
24/12/2008,0.165926
29/12/2008,0.158518
30/12/2008,0.152592
31/12/2008,0.155555
2/1/2009,0.161481
5/1/2009,0.167407
6/1/2009,0.174815
7/1/2009,0.164444
8/1/2009,0.165926
9/1/2009,0.168889
12/1/2009,0.176296
13/1/2009,0.171852
14/1/2009,0.174815
15/1/2009,0.17037
16/1/2009,0.173333
19/1/2009,0.162963
20/1/2009,0.164444
21/1/2009,0.173333
22/1/2009,0.177778
23/1/2009,0.180741
29/1/2009,0.183704
30/1/2009,0.183704
2/2/2009,0.183704
3/2/2009,0.183704
4/2/2009,0.191111
5/2/2009,0.192593
6/2/2009,0.192593
9/2/2009,0.191111
10/2/2009,0.185185
11/2/2009,0.186667
12/2/2009,0.186667
13/2/2009,0.185185
16/2/2009,0.188148
17/2/2009,0.185185
18/2/2009,0.177778
19/2/2009,0.182222
20/2/2009,0.177778
23/2/2009,0.171852
24/2/2009,0.164444
25/2/2009,0.161481
26/2/2009,0.162963
27/2/2009,0.162963
2/3/2009,0.162963
3/3/2009,0.164444
4/3/2009,0.17037
5/3/2009,0.168889
6/3/2009,0.164444
9/3/2009,0.164444
10/3/2009,0.167407
11/3/2009,0.168889
12/3/2009,0.162963
13/3/2009,0.162963
16/3/2009,0.167407
17/3/2009,0.165926
18/3/2009,0.173333
19/3/2009,0.168889
20/3/2009,0.165926
23/3/2009,0.17037
24/3/2009,0.173333
25/3/2009,0.171852
26/3/2009,0.185185
27/3/2009,0.176296
30/3/2009,0.173333
31/3/2009,0.176296
1/4/2009,0.182222
2/4/2009,0.185185
3/4/2009,0.191111
6/4/2009,0.197037
7/4/2009,0.207407
8/4/2009,0.192593
9/4/2009,0.204444
14/4/2009,0.217778
15/4/2009,0.219259
16/4/2009,0.216296
17/4/2009,0.214815
20/4/2009,0.219259
21/4/2009,0.216296
22/4/2009,0.202963
23/4/2009,0.205926
24/4/2009,0.21037
27/4/2009,0.225185
28/4/2009,0.207407
29/4/2009,0.208889
30/4/2009,0.207407
4/5/2009,0.204444
5/5/2009,0.204444
6/5/2009,0.204444
7/5/2009,0.204444
8/5/2009,0.21037
11/5/2009,0.214815
12/5/2009,0.219259
13/5/2009,0.222222
14/5/2009,0.260741
15/5/2009,0.251852
18/5/2009,0.262222
19/5/2009,0.277037
20/5/2009,0.277037
21/5/2009,0.277037
22/5/2009,0.281482
25/5/2009,0.282963
26/5/2009,0.274074
27/5/2009,0.274074
29/5/2009,0.274074
1/6/2009,0.281482
2/6/2009,0.277037
3/6/2009,0.282469
4/6/2009,0.268641
5/6/2009,0.274567
8/6/2009,0.276543
9/6/2009,0.276543
10/6/2009,0.272592
11/6/2009,0.278518
12/6/2009,0.274567
15/6/2009,0.262716
16/6/2009,0.258765
17/6/2009,0.250864
18/6/2009,0.258765
19/6/2009,0.268641
22/6/2009,0.26074
23/6/2009,0.248888
24/6/2009,0.25679
25/6/2009,0.250864
26/6/2009,0.25679
29/6/2009,0.26074
30/6/2009,0.262716
2/7/2009,0.25679
3/7/2009,0.25679
6/7/2009,0.264691
7/7/2009,0.25679
8/7/2009,0.25679
9/7/2009,0.25679
10/7/2009,0.258765
13/7/2009,0.258765
14/7/2009,0.26074
15/7/2009,0.25679
16/7/2009,0.25679
17/7/2009,0.266666
20/7/2009,0.270617
21/7/2009,0.278518
22/7/2009,0.276543
23/7/2009,0.274567
24/7/2009,0.298271
27/7/2009,0.308148
28/7/2009,0.304197
29/7/2009,0.306172
30/7/2009,0.304197
31/7/2009,0.304197
3/8/2009,0.318024
4/8/2009,0.343703
5/8/2009,0.349629
6/8/2009,0.345679
7/8/2009,0.339753
10/8/2009,0.341728
11/8/2009,0.333827
12/8/2009,0.331851
13/8/2009,0.341728
14/8/2009,0.337777
17/8/2009,0.318024
18/8/2009,0.32
19/8/2009,0.321975
20/8/2009,0.321975
21/8/2009,0.321975
24/8/2009,0.318024
25/8/2009,0.325925
26/8/2009,0.331851
27/8/2009,0.327901
28/8/2009,0.314074
31/8/2009,0.296296
1/9/2009,0.308148
2/9/2009,0.302222
3/9/2009,0.308148
4/9/2009,0.32
7/9/2009,0.329876
8/9/2009,0.321975
9/9/2009,0.329876
10/9/2009,0.339753
11/9/2009,0.349629
14/9/2009,0.345679
15/9/2009,0.347654
16/9/2009,0.375308
17/9/2009,0.393086
18/9/2009,0.395061
21/9/2009,0.375308
22/9/2009,0.389135
23/9/2009,0.379259
24/9/2009,0.367407
25/9/2009,0.375308
28/9/2009,0.367407
29/9/2009,0.363456
30/9/2009,0.35358
2/10/2009,0.345679
5/10/2009,0.361481
6/10/2009,0.408888
7/10/2009,0.418765
8/10/2009,0.412839
9/10/2009,0.448395
12/10/2009,0.468148
13/10/2009,0.462222
14/10/2009,0.523456
15/10/2009,0.505679
16/10/2009,0.525432
19/10/2009,0.543209
20/10/2009,0.527407
21/10/2009,0.505679
22/10/2009,0.497777
23/10/2009,0.543209
27/10/2009,0.523456
28/10/2009,0.507654
29/10/2009,0.531358
30/10/2009,0.537283
2/11/2009,0.549135
3/11/2009,0.543209
4/11/2009,0.539259
5/11/2009,0.531358
6/11/2009,0.535308
9/11/2009,0.533333
10/11/2009,0.535308
11/11/2009,0.545185
12/11/2009,0.618271
13/11/2009,0.622222
16/11/2009,0.612345
17/11/2009,0.604444
18/11/2009,0.600493
19/11/2009,0.61432
20/11/2009,0.628148
23/11/2009,0.663703
24/11/2009,0.691358
25/11/2009,0.689382
26/11/2009,0.665679
27/11/2009,0.616296
30/11/2009,0.675555
1/12/2009,0.717037
2/12/2009,0.697283
3/12/2009,0.699259
4/12/2009,0.773333
7/12/2009,0.779259
8/12/2009,0.764444
9/12/2009,0.74074
10/12/2009,0.728888
11/12/2009,0.717037
14/12/2009,0.722962
15/12/2009,0.72
16/12/2009,0.696296
17/12/2009,0.651851
18/12/2009,0.675555
21/12/2009,0.654814
22/12/2009,0.648888
23/12/2009,0.657777
24/12/2009,0.666666
28/12/2009,0.651851
29/12/2009,0.657777
30/12/2009,0.705185
31/12/2009,0.74074
4/1/2010,0.74074
5/1/2010,0.737777
6/1/2010,0.725925
7/1/2010,0.699259
8/1/2010,0.711111
11/1/2010,0.708148
12/1/2010,0.711111
13/1/2010,0.705185
14/1/2010,0.684444
15/1/2010,0.678518
18/1/2010,0.69037
19/1/2010,0.714074
20/1/2010,0.696296
21/1/2010,0.684444
22/1/2010,0.663703
25/1/2010,0.663703
26/1/2010,0.663703
27/1/2010,0.666666
28/1/2010,0.69037
29/1/2010,0.675555
1/2/2010,0.678518
2/2/2010,0.678518
3/2/2010,0.672592
4/2/2010,0.645925
5/2/2010,0.631111
8/2/2010,0.604444
9/2/2010,0.601481
10/2/2010,0.634074
11/2/2010,0.645925
12/2/2010,0.66074
17/2/2010,0.648888
18/2/2010,0.672592
19/2/2010,0.657777
22/2/2010,0.681481
23/2/2010,0.717037
24/2/2010,0.749629
25/2/2010,0.761481
26/2/2010,0.749629
1/3/2010,0.752592
2/3/2010,0.823703
3/3/2010,0.82074
4/3/2010,0.82074
5/3/2010,0.835555
8/3/2010,0.853333
9/3/2010,0.847407
10/3/2010,0.844444
11/3/2010,0.829629
12/3/2010,0.814814
15/3/2010,0.885925
16/3/2010,0.912592
17/3/2010,0.903703
18/3/2010,0.918518
19/3/2010,0.951111
22/3/2010,0.933333
23/3/2010,0.921481
24/3/2010,0.918518
25/3/2010,0.90074
26/3/2010,0.93037
29/3/2010,0.915555
30/3/2010,0.894814
31/3/2010,0.903703
1/4/2010,0.918518
7/4/2010,0.906666
8/4/2010,0.903703
9/4/2010,0.90074
12/4/2010,0.924444
13/4/2010,0.974814
14/4/2010,0.948148
15/4/2010,0.989629
16/4/2010,0.971851
19/4/2010,0.951111
20/4/2010,0.983703
21/4/2010,0.992592
22/4/2010,1.025185
23/4/2010,1.034074
26/4/2010,1.037037
27/4/2010,1.025185
28/4/2010,1.016296
29/4/2010,0.918518
30/4/2010,1.025185
3/5/2010,1.022222
4/5/2010,1.037037
5/5/2010,1.007407
6/5/2010,0.957037
7/5/2010,0.93037
10/5/2010,0.983703
11/5/2010,0.954074
12/5/2010,0.942222
13/5/2010,0.951111
14/5/2010,1.167407
17/5/2010,1.12
18/5/2010,1.164444
19/5/2010,1.081481
20/5/2010,1.004444
24/5/2010,0.98074
25/5/2010,0.844444
26/5/2010,0.921481
27/5/2010,0.948148
28/5/2010,0.942222
31/5/2010,0.971851
1/6/2010,0.936296
2/6/2010,0.942222
3/6/2010,0.98074
4/6/2010,1.007407
7/6/2010,0.986666
8/6/2010,0.968888
9/6/2010,0.962962
10/6/2010,0.98074
11/6/2010,1.034074
14/6/2010,1.066666
15/6/2010,1.09037
17/6/2010,0.995555
18/6/2010,0.933333
21/6/2010,0.918518
22/6/2010,0.93037
23/6/2010,0.948148
24/6/2010,0.924444
25/6/2010,0.912592
28/6/2010,0.903703
29/6/2010,0.877037
30/6/2010,0.906666
2/7/2010,0.847407
5/7/2010,0.823703
6/7/2010,0.847407
7/7/2010,0.817777
8/7/2010,0.823703
9/7/2010,0.862222
12/7/2010,0.865185
13/7/2010,0.847407
14/7/2010,0.829629
15/7/2010,0.817777
16/7/2010,0.832592
19/7/2010,0.797037
20/7/2010,0.814814
21/7/2010,0.823703
22/7/2010,0.85037
23/7/2010,0.832592
26/7/2010,0.826666
27/7/2010,0.817777
28/7/2010,0.885925
29/7/2010,0.888888
30/7/2010,0.877037
2/8/2010,0.903703
3/8/2010,0.897777
4/8/2010,0.891851
5/8/2010,0.859259
6/8/2010,0.885925
9/8/2010,0.882962
10/8/2010,0.874074
11/8/2010,0.865185
12/8/2010,0.856296
13/8/2010,0.838518
16/8/2010,0.838518
17/8/2010,0.832592
18/8/2010,0.85037
19/8/2010,0.838518
20/8/2010,0.823703
23/8/2010,0.832592
24/8/2010,0.832592
25/8/2010,0.817777
26/8/2010,0.794074
27/8/2010,0.776296
30/8/2010,0.779259
31/8/2010,0.782222
1/9/2010,0.802962
2/9/2010,0.862222
3/9/2010,0.874074
6/9/2010,0.882962
7/9/2010,0.868148
8/9/2010,0.859259
9/9/2010,0.859259
10/9/2010,0.894814
13/9/2010,0.90074
14/9/2010,0.891851
15/9/2010,0.877037
16/9/2010,0.868148
17/9/2010,0.874074
20/9/2010,0.865185
21/9/2010,0.88
22/9/2010,0.948148
24/9/2010,0.942222
27/9/2010,0.945185
28/9/2010,0.936296
29/9/2010,0.945185
30/9/2010,0.927407
4/10/2010,0.924444
5/10/2010,0.915555
6/10/2010,0.939259
7/10/2010,0.939259
8/10/2010,0.924444
11/10/2010,0.936296
12/10/2010,0.939259
13/10/2010,0.971851
14/10/2010,0.936296
15/10/2010,0.942222
18/10/2010,0.936296
19/10/2010,0.945185
20/10/2010,0.927407
21/10/2010,0.936296
22/10/2010,0.93037
25/10/2010,0.924444
26/10/2010,0.915555
27/10/2010,0.948148
28/10/2010,0.921481
29/10/2010,0.903703
1/11/2010,0.909629
2/11/2010,0.924444
3/11/2010,0.921481
4/11/2010,0.918518
5/11/2010,0.933333
8/11/2010,0.942222
9/11/2010,0.936296
10/11/2010,0.942222
11/11/2010,0.962962
12/11/2010,0.933333
15/11/2010,0.968888
16/11/2010,0.957037
17/11/2010,0.933333
18/11/2010,0.933333
19/11/2010,0.912592
22/11/2010,0.93037
23/11/2010,0.915555
24/11/2010,0.912592
25/11/2010,0.921481
26/11/2010,0.918518
29/11/2010,0.939259
30/11/2010,0.918518
1/12/2010,0.894814
2/12/2010,0.903703
3/12/2010,0.912592
6/12/2010,0.906666
7/12/2010,0.891851
8/12/2010,0.906666
9/12/2010,0.885925
10/12/2010,0.885925
13/12/2010,0.868148
14/12/2010,0.829629
15/12/2010,0.838518
16/12/2010,0.835555
17/12/2010,0.853333
20/12/2010,0.835555
21/12/2010,0.826666
22/12/2010,0.832592
23/12/2010,0.832592
24/12/2010,0.841481
28/12/2010,0.826666
29/12/2010,0.844444
30/12/2010,0.844444
31/12/2010,0.856296
3/1/2011,0.865185
4/1/2011,0.877037
5/1/2011,0.874074
6/1/2011,0.859259
7/1/2011,0.859259
10/1/2011,0.853333
11/1/2011,0.841481
12/1/2011,0.835555
13/1/2011,0.835555
14/1/2011,0.832592
17/1/2011,0.811851
18/1/2011,0.794074
19/1/2011,0.791111
20/1/2011,0.802962
21/1/2011,0.782222
24/1/2011,0.764444
25/1/2011,0.749629
26/1/2011,0.758518
27/1/2011,0.749629
28/1/2011,0.755555
31/1/2011,0.74074
1/2/2011,0.758518
2/2/2011,0.77037
7/2/2011,0.743703
8/2/2011,0.722962
9/2/2011,0.714074
10/2/2011,0.696296
11/2/2011,0.687407
14/2/2011,0.728888
15/2/2011,0.749629
16/2/2011,0.752592
17/2/2011,0.761481
18/2/2011,0.767407
21/2/2011,0.788148
22/2/2011,0.794074
23/2/2011,0.808888
24/2/2011,0.782222
25/2/2011,0.805925
28/2/2011,0.802962
1/3/2011,0.794074
2/3/2011,0.8
3/3/2011,0.811851
4/3/2011,0.805925
7/3/2011,0.794074
8/3/2011,0.794074
9/3/2011,0.797037
10/3/2011,0.802962
11/3/2011,0.8
14/3/2011,0.802962
15/3/2011,0.785185
16/3/2011,0.808888
17/3/2011,0.785185
18/3/2011,0.802962
21/3/2011,0.802962
22/3/2011,0.791111
23/3/2011,0.791111
24/3/2011,0.785185
25/3/2011,0.77037
28/3/2011,0.776296
29/3/2011,0.826666
30/3/2011,0.823703
31/3/2011,0.862222
1/4/2011,0.847407
4/4/2011,0.868148
6/4/2011,0.859259
7/4/2011,0.853333
8/4/2011,0.847407
11/4/2011,0.885925
12/4/2011,0.882962
13/4/2011,0.88
14/4/2011,0.874074
15/4/2011,0.859259
18/4/2011,0.859259
19/4/2011,0.847407
20/4/2011,0.838518
21/4/2011,0.841481
26/4/2011,0.826666
27/4/2011,0.838518
28/4/2011,0.829629
29/4/2011,0.838518
3/5/2011,0.844444
4/5/2011,0.844444
5/5/2011,0.868148
6/5/2011,0.868148
9/5/2011,0.874074
11/5/2011,0.882962
12/5/2011,0.88
13/5/2011,0.871111
16/5/2011,0.85037
17/5/2011,0.808888
18/5/2011,0.832592
19/5/2011,0.817777
20/5/2011,0.829629
23/5/2011,0.826666
24/5/2011,0.82074
25/5/2011,0.82074
26/5/2011,0.814814
27/5/2011,0.814814
30/5/2011,0.814814
31/5/2011,0.838518
1/6/2011,0.829629
2/6/2011,0.82074
3/6/2011,0.847407
7/6/2011,0.844444
8/6/2011,0.817777
9/6/2011,0.782222
10/6/2011,0.776296
13/6/2011,0.764444
14/6/2011,0.767407
15/6/2011,0.764444
16/6/2011,0.749629
17/6/2011,0.752592
20/6/2011,0.714074
21/6/2011,0.722962
22/6/2011,0.708148
23/6/2011,0.711111
24/6/2011,0.743703
27/6/2011,0.725925
28/6/2011,0.785185
29/6/2011,0.788148
30/6/2011,0.826666
4/7/2011,0.862222
5/7/2011,0.856296
6/7/2011,0.85037
7/7/2011,0.859259
8/7/2011,0.838518
11/7/2011,0.791111
12/7/2011,0.773333
13/7/2011,0.794074
14/7/2011,0.802962
15/7/2011,0.785185
18/7/2011,0.797037
19/7/2011,0.794074
20/7/2011,0.797037
21/7/2011,0.805925
22/7/2011,0.811851
25/7/2011,0.805925
26/7/2011,0.808888
27/7/2011,0.805925
28/7/2011,0.8
29/7/2011,0.805925
1/8/2011,0.8
2/8/2011,0.782222
3/8/2011,0.77037
4/8/2011,0.758518
5/8/2011,0.725925
8/8/2011,0.758518
9/8/2011,0.722962
10/8/2011,0.758518
11/8/2011,0.782222
12/8/2011,0.752592
15/8/2011,0.758518
16/8/2011,0.755555
17/8/2011,0.761481
18/8/2011,0.752592
19/8/2011,0.708148
22/8/2011,0.687407
23/8/2011,0.681481
24/8/2011,0.705185
25/8/2011,0.74074
26/8/2011,0.711111
29/8/2011,0.651851
30/8/2011,0.663703
31/8/2011,0.66074
1/9/2011,0.681481
2/9/2011,0.666666
5/9/2011,0.64
6/9/2011,0.642962
7/9/2011,0.634074
8/9/2011,0.645925
9/9/2011,0.654814
12/9/2011,0.625185
14/9/2011,0.604444
15/9/2011,0.625185
16/9/2011,0.64
19/9/2011,0.648888
20/9/2011,0.672592
21/9/2011,0.666666
22/9/2011,0.637037
23/9/2011,0.648888
26/9/2011,0.622222
27/9/2011,0.657777
28/9/2011,0.66074
30/9/2011,0.66074
3/10/2011,0.651851
4/10/2011,0.607407
6/10/2011,0.645925
7/10/2011,0.651851
10/10/2011,0.651851
11/10/2011,0.651851
12/10/2011,0.657777
13/10/2011,0.675555
14/10/2011,0.654814
17/10/2011,0.684444
18/10/2011,0.657777
19/10/2011,0.672592
20/10/2011,0.708148
21/10/2011,0.696296
24/10/2011,0.705185
25/10/2011,0.705185
26/10/2011,0.705185
27/10/2011,0.722962
28/10/2011,0.72
31/10/2011,0.711111
1/11/2011,0.714074
2/11/2011,0.711111
3/11/2011,0.69037
4/11/2011,0.705185
7/11/2011,0.708148
8/11/2011,0.687407
9/11/2011,0.699259
10/11/2011,0.66074
11/11/2011,0.672592
14/11/2011,0.669629
15/11/2011,0.687407
16/11/2011,0.69037
17/11/2011,0.687407
18/11/2011,0.672592
21/11/2011,0.69037
22/11/2011,0.693333
23/11/2011,0.705185
24/11/2011,0.705185
25/11/2011,0.708148
28/11/2011,0.72
29/11/2011,0.722962
30/11/2011,0.711111
1/12/2011,0.731851
2/12/2011,0.717037
5/12/2011,0.725925
6/12/2011,0.705185
7/12/2011,0.72
8/12/2011,0.711111
9/12/2011,0.711111
12/12/2011,0.714074
13/12/2011,0.705185
14/12/2011,0.693333
15/12/2011,0.699259
16/12/2011,0.693333
19/12/2011,0.681481
20/12/2011,0.681481
21/12/2011,0.687407
22/12/2011,0.678518
23/12/2011,0.684444
24/12/2011,null
28/12/2011,0.69037
29/12/2011,0.684444
30/12/2011,0.684444
31/12/2011,null
3/1/2012,0.681481
4/1/2012,0.678518
5/1/2012,0.672592
6/1/2012,0.663703
9/1/2012,0.651851
10/1/2012,0.619259
11/1/2012,0.616296
12/1/2012,0.628148
13/1/2012,0.622222
16/1/2012,0.604444
17/1/2012,0.595555
18/1/2012,0.607407
19/1/2012,0.616296
20/1/2012,0.607407
26/1/2012,0.61037
27/1/2012,0.613333
30/1/2012,0.625185
31/1/2012,0.642962
1/2/2012,0.64
2/2/2012,0.657777
3/2/2012,0.702222
6/2/2012,0.684444
7/2/2012,0.672592
8/2/2012,0.702222
9/2/2012,0.708148
10/2/2012,0.681481
13/2/2012,0.684444
14/2/2012,0.684444
15/2/2012,0.699259
16/2/2012,0.684444
17/2/2012,0.681481
20/2/2012,0.64
21/2/2012,0.645925
22/2/2012,0.654814
23/2/2012,0.648888
24/2/2012,0.648888
27/2/2012,0.645925
28/2/2012,0.642962
29/2/2012,0.637037
1/3/2012,0.634074
2/3/2012,0.64
5/3/2012,0.637037
6/3/2012,0.631111
7/3/2012,0.631111
8/3/2012,0.648888
9/3/2012,0.651851
12/3/2012,0.654814
13/3/2012,0.663703
14/3/2012,0.669629
15/3/2012,0.64
16/3/2012,0.637037
20/3/2012,0.642962
21/3/2012,0.634074
22/3/2012,0.64
23/3/2012,0.622222
26/3/2012,0.619259
27/3/2012,0.619259
28/3/2012,0.607407
29/3/2012,0.604444
30/3/2012,0.616296
2/4/2012,0.61037
3/4/2012,0.577777
5/4/2012,0.58074
10/4/2012,0.583703
11/4/2012,0.586666
12/4/2012,0.577777
13/4/2012,0.574814
16/4/2012,0.56
17/4/2012,0.551111
18/4/2012,0.583703
19/4/2012,0.613333
20/4/2012,0.631111
23/4/2012,0.616296
24/4/2012,0.616296
25/4/2012,0.61037
26/4/2012,0.625185
27/4/2012,0.622222
30/4/2012,0.622222
2/5/2012,0.601481
3/5/2012,0.583703
4/5/2012,0.589629
7/5/2012,0.613333
8/5/2012,0.616296
9/5/2012,0.607407
10/5/2012,0.64
11/5/2012,0.654814
14/5/2012,0.687407
15/5/2012,0.672592
16/5/2012,0.622222
17/5/2012,0.728888
18/5/2012,0.714074
21/5/2012,0.696296
22/5/2012,0.702222
23/5/2012,0.696296
24/5/2012,0.705185
25/5/2012,0.702222
28/5/2012,0.702222
29/5/2012,0.693333
30/5/2012,0.693333
31/5/2012,0.705185
1/6/2012,0.696296
4/6/2012,0.663703
5/6/2012,0.693333
6/6/2012,0.717037
7/6/2012,0.708148
8/6/2012,0.717037
11/6/2012,0.72
12/6/2012,0.755555
13/6/2012,0.788148
14/6/2012,0.782222
15/6/2012,0.791111
18/6/2012,0.8
19/6/2012,0.82074
20/6/2012,0.811851
21/6/2012,0.773333
22/6/2012,0.743703
25/6/2012,0.77037
26/6/2012,0.794074
27/6/2012,0.817777
28/6/2012,0.823703
29/6/2012,0.826666
3/7/2012,0.844444
4/7/2012,0.829629
5/7/2012,0.829629
6/7/2012,0.838518
9/7/2012,0.832592
10/7/2012,0.865185
11/7/2012,0.85037
12/7/2012,0.847407
13/7/2012,0.82074
16/7/2012,0.82074
17/7/2012,0.805925
18/7/2012,0.791111
19/7/2012,0.785185
20/7/2012,0.814814
23/7/2012,0.829629
24/7/2012,0.853333
25/7/2012,0.856296
26/7/2012,0.853333
27/7/2012,0.844444
30/7/2012,0.844444
31/7/2012,0.871111
1/8/2012,0.85037
2/8/2012,0.844444
3/8/2012,0.859259
6/8/2012,0.844444
7/8/2012,0.841481
8/8/2012,0.862222
9/8/2012,0.865185
10/8/2012,0.853333
13/8/2012,0.859259
14/8/2012,0.859259
15/8/2012,0.865185
16/8/2012,0.891851
17/8/2012,0.918518
20/8/2012,0.891851
21/8/2012,0.912592
22/8/2012,0.897777
23/8/2012,0.93037
24/8/2012,0.897777
27/8/2012,0.844444
28/8/2012,0.844444
29/8/2012,0.894814
30/8/2012,0.894814
31/8/2012,0.897777
3/9/2012,0.897777
4/9/2012,0.90074
5/9/2012,0.88
6/9/2012,0.882962
7/9/2012,0.891851
10/9/2012,0.877037
11/9/2012,0.909629
12/9/2012,0.915555
13/9/2012,0.912592
14/9/2012,0.921481
17/9/2012,0.874074
18/9/2012,0.877037
19/9/2012,0.891851
20/9/2012,0.874074
21/9/2012,0.871111
24/9/2012,0.865185
25/9/2012,0.856296
26/9/2012,0.847407
27/9/2012,0.829629
28/9/2012,0.847407
3/10/2012,0.868148
4/10/2012,0.868148
5/10/2012,0.868148
8/10/2012,0.847407
9/10/2012,0.841481
10/10/2012,0.85037
11/10/2012,0.853333
12/10/2012,0.862222
15/10/2012,0.862222
16/10/2012,0.891851
17/10/2012,0.912592
18/10/2012,0.909629
19/10/2012,0.918518
22/10/2012,0.909629
24/10/2012,0.882962
25/10/2012,0.871111
26/10/2012,0.874074
29/10/2012,0.906666
30/10/2012,0.915555
31/10/2012,0.915555
1/11/2012,0.909629
2/11/2012,0.915555
5/11/2012,0.942222
6/11/2012,0.918518
7/11/2012,0.906666
8/11/2012,0.918518
9/11/2012,0.921481
12/11/2012,0.927407
13/11/2012,0.897777
14/11/2012,0.912592
15/11/2012,0.921481
16/11/2012,1.04
19/11/2012,1.069629
20/11/2012,1.048888
21/11/2012,1.045925
22/11/2012,1.06074
23/11/2012,1.057777
26/11/2012,1.084444
27/11/2012,1.09037
28/11/2012,1.066666
29/11/2012,1.051851
30/11/2012,1.105185
3/12/2012,1.084444
4/12/2012,1.099259
5/12/2012,1.12
6/12/2012,1.09037
7/12/2012,1.102222
10/12/2012,1.14074
11/12/2012,1.155555
12/12/2012,1.149629
13/12/2012,1.149629
14/12/2012,1.158518
17/12/2012,1.17037
18/12/2012,1.114074
19/12/2012,1.084444
20/12/2012,1.102222
21/12/2012,1.09037
24/12/2012,1.075555
27/12/2012,1.096296
28/12/2012,1.093333
31/12/2012,1.096296
2/1/2013,1.084444
3/1/2013,1.099259
4/1/2013,1.122962
7/1/2013,1.176296
8/1/2013,1.164444
9/1/2013,1.14074
10/1/2013,1.146666
11/1/2013,1.143703
14/1/2013,1.125925
15/1/2013,1.155555
16/1/2013,1.128888
17/1/2013,1.125925
18/1/2013,1.125925
21/1/2013,1.137777
22/1/2013,1.14074
23/1/2013,1.158518
24/1/2013,1.164444
25/1/2013,1.161481
28/1/2013,1.122962
29/1/2013,1.096296
30/1/2013,1.143703
31/1/2013,1.14074
1/2/2013,1.176296
4/2/2013,1.167407
5/2/2013,1.158518
6/2/2013,1.185185
7/2/2013,1.223703
8/2/2013,1.285925
14/2/2013,1.30074
15/2/2013,1.383703
18/2/2013,1.365925
19/2/2013,1.339259
20/2/2013,1.351111
21/2/2013,1.339259
22/2/2013,1.297777
25/2/2013,1.256296
26/2/2013,1.244444
27/2/2013,1.271111
28/2/2013,1.321481
1/3/2013,1.36
4/3/2013,1.357037
5/3/2013,1.336296
6/3/2013,1.404444
7/3/2013,1.374814
8/3/2013,1.365925
11/3/2013,1.404444
12/3/2013,1.404444
13/3/2013,1.392592
14/3/2013,1.451851
15/3/2013,1.448888
18/3/2013,1.422222
19/3/2013,1.392592
20/3/2013,1.46074
21/3/2013,1.531851
22/3/2013,1.528888
25/3/2013,1.454814
26/3/2013,1.546666
27/3/2013,1.623703
28/3/2013,1.605925
2/4/2013,1.537777
3/4/2013,1.534814
5/4/2013,1.54074
8/4/2013,1.549629
9/4/2013,1.582222
10/4/2013,1.534814
11/4/2013,1.525925
12/4/2013,1.57037
15/4/2013,1.567407
16/4/2013,1.573333
17/4/2013,1.623703
18/4/2013,1.591111
19/4/2013,1.623703
22/4/2013,1.602962
23/4/2013,1.561481
24/4/2013,1.552592
25/4/2013,1.552592
26/4/2013,1.54074
29/4/2013,1.555555
30/4/2013,1.585185
2/5/2013,1.629629
3/5/2013,1.65037
6/5/2013,1.635555
7/5/2013,1.644444
8/5/2013,1.632592
9/5/2013,1.629629
10/5/2013,1.576296
13/5/2013,1.6
14/5/2013,1.591111
15/5/2013,1.561481
16/5/2013,1.52
20/5/2013,1.505185
21/5/2013,1.413333
22/5/2013,1.392592
23/5/2013,1.413333
24/5/2013,1.502222
27/5/2013,1.528888
28/5/2013,1.585185
29/5/2013,1.605925
30/5/2013,1.6
31/5/2013,1.611851
3/6/2013,1.567407
4/6/2013,1.543703
5/6/2013,1.52
6/6/2013,1.463703
7/6/2013,1.46074
10/6/2013,1.451851
11/6/2013,1.442962
13/6/2013,1.416296
14/6/2013,1.434074
17/6/2013,1.478518
18/6/2013,1.457777
19/6/2013,1.419259
20/6/2013,1.431111
21/6/2013,1.386666
24/6/2013,1.386666
25/6/2013,1.365925
26/6/2013,1.451851
27/6/2013,1.469629
28/6/2013,1.49037
2/7/2013,1.499259
3/7/2013,1.484444
4/7/2013,1.469629
5/7/2013,1.481481
8/7/2013,1.469629
9/7/2013,1.469629
10/7/2013,1.499259
11/7/2013,1.525925
12/7/2013,1.534814
15/7/2013,1.567407
16/7/2013,1.626666
17/7/2013,1.641481
18/7/2013,1.644444
19/7/2013,1.668148
22/7/2013,1.682962
23/7/2013,1.697777
24/7/2013,1.712592
25/7/2013,1.665185
26/7/2013,1.703703
29/7/2013,1.688888
30/7/2013,1.688888
31/7/2013,1.671111
1/8/2013,1.635555
2/8/2013,1.659259
5/8/2013,1.611851
6/8/2013,1.564444
7/8/2013,1.531851
8/8/2013,1.549629
9/8/2013,1.546666
12/8/2013,1.611851
13/8/2013,1.65037
14/8/2013,1.65037
15/8/2013,1.525925
16/8/2013,1.546666
19/8/2013,1.576296
20/8/2013,1.531851
21/8/2013,1.481481
22/8/2013,1.54074
23/8/2013,1.522962
26/8/2013,1.57037
27/8/2013,1.585185
28/8/2013,1.585185
29/8/2013,1.591111
30/8/2013,1.641481
2/9/2013,1.644444
3/9/2013,1.653333
4/9/2013,1.632592
5/9/2013,1.68
6/9/2013,1.70074
9/9/2013,1.668148
10/9/2013,1.691851
11/9/2013,1.688888
12/9/2013,1.41037
13/9/2013,1.457777
16/9/2013,1.543703
17/9/2013,1.478518
18/9/2013,1.49037
19/9/2013,1.457777
23/9/2013,1.511111
24/9/2013,1.496296
25/9/2013,1.57037
26/9/2013,1.573333
27/9/2013,1.561481
30/9/2013,1.555555
2/10/2013,1.567407
3/10/2013,1.632592
4/10/2013,1.647407
7/10/2013,1.579259
8/10/2013,1.65037
9/10/2013,1.632592
10/10/2013,1.582222
11/10/2013,1.582222
15/10/2013,1.579259
16/10/2013,1.552592
17/10/2013,1.537777
18/10/2013,1.517037
21/10/2013,1.558518
22/10/2013,1.605925
23/10/2013,1.546666
24/10/2013,1.594074
25/10/2013,1.594074
28/10/2013,1.585185
29/10/2013,1.579259
30/10/2013,1.611851
31/10/2013,1.62074
1/11/2013,1.626666
4/11/2013,1.597037
5/11/2013,1.555555
6/11/2013,1.531851
7/11/2013,1.52
8/11/2013,1.505185
11/11/2013,1.594074
12/11/2013,1.567407
13/11/2013,1.549629
14/11/2013,1.594074
15/11/2013,1.6
18/11/2013,1.638518
19/11/2013,1.638518
20/11/2013,1.688888
21/11/2013,1.703703
22/11/2013,1.706666
25/11/2013,1.771851
26/11/2013,1.718518
27/11/2013,1.807407
28/11/2013,1.81037
29/11/2013,1.81037
2/12/2013,1.789629
3/12/2013,1.783703
4/12/2013,1.798518
5/12/2013,1.807407
6/12/2013,1.831111
9/12/2013,1.837037
10/12/2013,1.822222
11/12/2013,1.837037
12/12/2013,1.798518
13/12/2013,1.834074
16/12/2013,1.786666
17/12/2013,1.777777
18/12/2013,1.792592
19/12/2013,1.804444
20/12/2013,1.768888
23/12/2013,1.789629
24/12/2013,1.78074
27/12/2013,1.789629
30/12/2013,1.783703
31/12/2013,1.822222
2/1/2014,1.922962
3/1/2014,1.914074
6/1/2014,1.931851
7/1/2014,1.961481
8/1/2014,1.979259
9/1/2014,1.997037
10/1/2014,1.952592
13/1/2014,1.985185
14/1/2014,1.985185
15/1/2014,2.011851
16/1/2014,2.035555
17/1/2014,2.053333
20/1/2014,2.002962
21/1/2014,2.059259
22/1/2014,2.133333
23/1/2014,1.97037
24/1/2014,1.89037
27/1/2014,1.884444
28/1/2014,1.931851
29/1/2014,2.029629
30/1/2014,1.949629
4/2/2014,1.831111
5/2/2014,1.783703
6/2/2014,1.857777
7/2/2014,1.896296
10/2/2014,1.979259
11/2/2014,1.94074
12/2/2014,1.961481
13/2/2014,2.014814
14/2/2014,2.053333
17/2/2014,2.011851
18/2/2014,2.044444
19/2/2014,2.065185
20/2/2014,2.041481
21/2/2014,2.065185
24/2/2014,2.035555
25/2/2014,2.118518
26/2/2014,2.112592
27/2/2014,2.115555
28/2/2014,2.136296
3/3/2014,2.157037
4/3/2014,2.186666
5/3/2014,2.254814
6/3/2014,2.228148
7/3/2014,2.174814
10/3/2014,2.162962
11/3/2014,2.293333
12/3/2014,2.29037
13/3/2014,2.228148
14/3/2014,2.219259
17/3/2014,2.204444
18/3/2014,2.228148
19/3/2014,2.228148
20/3/2014,2.186666
21/3/2014,2.133333
24/3/2014,2.157037
25/3/2014,2.171851
26/3/2014,2.162962
27/3/2014,1.97037
28/3/2014,1.979259
31/3/2014,1.958518
1/4/2014,2.026666
2/4/2014,2.047407
3/4/2014,2.002962
4/4/2014,1.92
7/4/2014,1.872592
8/4/2014,1.884444
9/4/2014,1.899259
10/4/2014,1.979259
11/4/2014,1.961481
14/4/2014,1.937777
15/4/2014,1.925925
16/4/2014,1.869629
17/4/2014,1.884444
22/4/2014,1.902222
23/4/2014,1.961481
24/4/2014,1.937777
25/4/2014,1.896296
28/4/2014,1.837037
29/4/2014,1.804444
30/4/2014,1.798518
2/5/2014,1.866666
5/5/2014,1.863703
7/5/2014,1.78074
8/5/2014,1.757037
9/5/2014,1.751111
12/5/2014,1.786666
13/5/2014,1.828148
14/5/2014,1.842962
15/5/2014,1.866666
16/5/2014,1.869629
19/5/2014,1.875555
20/5/2014,1.845925
21/5/2014,1.816296
22/5/2014,1.893333
23/5/2014,1.86074
26/5/2014,1.97037
27/5/2014,1.917037
28/5/2014,1.863703
29/5/2014,1.922962
30/5/2014,1.872592
3/6/2014,1.884444
4/6/2014,1.89037
5/6/2014,1.854814
6/6/2014,1.816296
9/6/2014,1.813333
10/6/2014,1.842962
11/6/2014,1.848888
12/6/2014,1.813333
13/6/2014,1.837037
16/6/2014,1.819259
17/6/2014,1.875555
18/6/2014,1.869629
19/6/2014,1.842962
20/6/2014,1.822222
23/6/2014,1.848888
24/6/2014,1.81037
25/6/2014,1.837037
26/6/2014,1.842962
27/6/2014,1.875555
30/6/2014,1.86074
2/7/2014,1.887407
3/7/2014,1.949629
4/7/2014,1.967407
7/7/2014,1.955555
8/7/2014,1.925925
9/7/2014,1.943703
10/7/2014,1.893333
11/7/2014,1.943703
14/7/2014,2
15/7/2014,2.032592
16/7/2014,2.026666
17/7/2014,2.053333
18/7/2014,2.005925
21/7/2014,2.02074
22/7/2014,2.005925
23/7/2014,2.044444
24/7/2014,2.053333
25/7/2014,2.059259
28/7/2014,2.05037
29/7/2014,2.059259
30/7/2014,2.008888
31/7/2014,1.976296
1/8/2014,1.934814
4/8/2014,1.94074
5/8/2014,1.94074
6/8/2014,2.002962
7/8/2014,1.958518
8/8/2014,1.931851
11/8/2014,1.922962
12/8/2014,1.928888
13/8/2014,2.008888
14/8/2014,2.029629
15/8/2014,2.091851
18/8/2014,2.059259
19/8/2014,2.035555
20/8/2014,2.041481
21/8/2014,2.029629
22/8/2014,2.109629
25/8/2014,2.071111
26/8/2014,2.151111
27/8/2014,2.109629
28/8/2014,2.109629
29/8/2014,2.115555
1/9/2014,2.171851
2/9/2014,2.148148
3/9/2014,2.183703
4/9/2014,2.168888
5/9/2014,2.204444
8/9/2014,2.293333
10/9/2014,2.364444
11/9/2014,2.299259
12/9/2014,2.269629
15/9/2014,2.254814
16/9/2014,2.287407
17/9/2014,2.373333
18/9/2014,2.417777
19/9/2014,2.346666
22/9/2014,2.32
23/9/2014,2.32
24/9/2014,2.334814
25/9/2014,2.385185
26/9/2014,2.358518
29/9/2014,2.228148
30/9/2014,2.29037
3/10/2014,2.242962
6/10/2014,2.287407
7/10/2014,2.334814
8/10/2014,2.272592
9/10/2014,2.317037
10/10/2014,2.314074
13/10/2014,2.251851
14/10/2014,2.222222
15/10/2014,2.311111
16/10/2014,2.296296
17/10/2014,2.287407
20/10/2014,2.272592
21/10/2014,2.234074
22/10/2014,2.299259
23/10/2014,2.278518
24/10/2014,2.311111
27/10/2014,2.263703
28/10/2014,2.293333
29/10/2014,2.311111
30/10/2014,2.317037
31/10/2014,2.314074
3/11/2014,2.287407
4/11/2014,2.296296
5/11/2014,2.234074
6/11/2014,2.278518
7/11/2014,2.254814
10/11/2014,2.231111
11/11/2014,2.355555
12/11/2014,2.397037
13/11/2014,2.435555
14/11/2014,2.459259
17/11/2014,2.441481
18/11/2014,2.444444
19/11/2014,2.343703
20/11/2014,2.346666
21/11/2014,2.251851
24/11/2014,2.302222
25/11/2014,2.334814
26/11/2014,2.349629
27/11/2014,2.325925
28/11/2014,2.272592
1/12/2014,2.222222
2/12/2014,2.213333
3/12/2014,2.207407
4/12/2014,2.204444
5/12/2014,2.192592
8/12/2014,2.136296
9/12/2014,2.103703
10/12/2014,2.198518
11/12/2014,2.162962
12/12/2014,2.145185
15/12/2014,2.142222
16/12/2014,2.097777
17/12/2014,2.103703
18/12/2014,2.118518
19/12/2014,2.094814
22/12/2014,2.059259
23/12/2014,2.059259
24/12/2014,2.032592
29/12/2014,2.047407
30/12/2014,2.124444
31/12/2014,2.082962
2/1/2015,2.074074
5/1/2015,2.068148
6/1/2015,2.074074
7/1/2015,2.151111
8/1/2015,2.213333
9/1/2015,2.382222
12/1/2015,2.343703
13/1/2015,2.37037
14/1/2015,2.37037
15/1/2015,2.34074
16/1/2015,2.364444
19/1/2015,2.219259
20/1/2015,2.213333
21/1/2015,2.234074
22/1/2015,2.242962
23/1/2015,2.237037
26/1/2015,2.231111
27/1/2015,2.222222
28/1/2015,2.242962
29/1/2015,2.222222
30/1/2015,2.302222
2/2/2015,2.248888
3/2/2015,2.257777
4/2/2015,2.222222
5/2/2015,2.133333
6/2/2015,2.145185
9/2/2015,2.118518
10/2/2015,2.13037
11/2/2015,2.136296
12/2/2015,2.091851
13/2/2015,2.088888
16/2/2015,2.044444
17/2/2015,2.082962
18/2/2015,2.077037
23/2/2015,2.124444
24/2/2015,2.151111
25/2/2015,2.157037
26/2/2015,2.213333
27/2/2015,2.183703
2/3/2015,2.216296
3/3/2015,2.278518
4/3/2015,2.328888
5/3/2015,2.405925
6/3/2015,2.397037
9/3/2015,2.331851
10/3/2015,2.287407
11/3/2015,2.284444
12/3/2015,2.272592
13/3/2015,2.251851
16/3/2015,2.254814
17/3/2015,2.248888
18/3/2015,2.225185
19/3/2015,2.216296
20/3/2015,2.186666
23/3/2015,2.10074
24/3/2015,2.207407
25/3/2015,2.219259
26/3/2015,2.16
27/3/2015,2.225185
30/3/2015,2.275555
31/3/2015,2.325925
1/4/2015,2.361481
2/4/2015,2.408888
8/4/2015,2.779259
9/4/2015,2.699259
10/4/2015,2.728888
13/4/2015,2.779259
14/4/2015,2.651851
15/4/2015,2.645925
16/4/2015,2.74074
17/4/2015,2.785185
20/4/2015,2.681481
21/4/2015,2.776296
22/4/2015,2.882962
23/4/2015,2.885925
24/4/2015,2.888888
27/4/2015,2.82074
28/4/2015,2.758518
29/4/2015,2.663703
30/4/2015,2.631111
4/5/2015,2.687407
5/5/2015,2.622222
6/5/2015,2.631111
7/5/2015,2.551111
8/5/2015,2.583703
11/5/2015,2.637037
12/5/2015,2.717037
13/5/2015,2.714074
14/5/2015,2.734814
15/5/2015,2.755555
18/5/2015,2.767407
19/5/2015,2.77037
20/5/2015,2.776296
21/5/2015,2.696296
22/5/2015,2.791111
26/5/2015,2.764444
27/5/2015,2.788148
28/5/2015,2.681481
29/5/2015,2.722962
1/6/2015,2.859259
2/6/2015,2.752592
3/6/2015,2.734814
4/6/2015,2.672592
5/6/2015,2.767407
8/6/2015,2.693333
9/6/2015,2.654814
10/6/2015,2.648888
11/6/2015,2.681481
12/6/2015,2.711111
15/6/2015,2.64
16/6/2015,2.562962
17/6/2015,2.595555
18/6/2015,2.642962
19/6/2015,2.595555
22/6/2015,2.634074
23/6/2015,2.61037
24/6/2015,2.657777
25/6/2015,2.657777
26/6/2015,2.642962
29/6/2015,2.565925
30/6/2015,2.666666
2/7/2015,2.61037
3/7/2015,2.557037
6/7/2015,2.459259
7/7/2015,2.408888
8/7/2015,2.26074
9/7/2015,2.382222
10/7/2015,2.524444
13/7/2015,2.696296
14/7/2015,2.657777
15/7/2015,2.648888
16/7/2015,2.711111
17/7/2015,2.746666
20/7/2015,2.714074
21/7/2015,2.8
22/7/2015,2.74074
23/7/2015,2.829629
24/7/2015,2.847407
27/7/2015,2.583703
28/7/2015,2.554074
29/7/2015,2.571851
30/7/2015,2.631111
31/7/2015,2.663703
3/8/2015,2.622222
4/8/2015,2.616296
5/8/2015,2.586666
6/8/2015,2.648888
7/8/2015,2.61037
10/8/2015,2.696296
11/8/2015,2.666666
12/8/2015,2.574814
13/8/2015,2.601481
14/8/2015,2.625185
17/8/2015,2.728888
18/8/2015,2.651851
19/8/2015,2.678518
20/8/2015,2.462222
21/8/2015,2.45037
24/8/2015,2.284444
25/8/2015,2.391111
26/8/2015,2.506666
27/8/2015,2.598518
28/8/2015,2.583703
31/8/2015,2.725925
1/9/2015,2.589629
2/9/2015,2.663703
4/9/2015,2.687407
7/9/2015,2.767407
8/9/2015,2.844444
9/9/2015,2.882962
10/9/2015,2.785185
11/9/2015,2.782222
14/9/2015,2.746666
15/9/2015,2.714074
16/9/2015,2.868148
17/9/2015,2.853333
18/9/2015,2.927407
21/9/2015,2.948148
22/9/2015,2.906666
23/9/2015,2.832592
24/9/2015,2.927407
25/9/2015,2.865185
29/9/2015,2.862222
30/9/2015,2.82074
2/10/2015,2.847407
5/10/2015,2.829629
6/10/2015,2.859259
7/10/2015,2.888888
8/10/2015,2.912592
9/10/2015,2.897777
12/10/2015,2.942222
13/10/2015,2.888888
14/10/2015,2.862222
15/10/2015,2.838518
16/10/2015,2.838518
19/10/2015,2.951111
20/10/2015,3.004444
22/10/2015,2.933333
23/10/2015,2.90074
26/10/2015,2.844444
27/10/2015,2.874074
28/10/2015,2.853333
29/10/2015,2.859259
30/10/2015,2.871111
2/11/2015,2.868148
3/11/2015,2.844444
4/11/2015,2.93037
5/11/2015,3.01037
6/11/2015,3.158518
9/11/2015,2.992592
10/11/2015,2.96
11/11/2015,3.04
12/11/2015,3.034074
13/11/2015,3.022222
16/11/2015,2.915555
17/11/2015,2.933333
18/11/2015,2.911111
19/11/2015,2.973333
20/11/2015,3.013333
23/11/2015,3.062222
24/11/2015,3.2
25/11/2015,3.324444
26/11/2015,3.248888
27/11/2015,3.12
30/11/2015,3.248888
1/12/2015,3.226666
2/12/2015,3.382222
3/12/2015,3.395555
4/12/2015,3.408888
7/12/2015,3.426666
8/12/2015,3.395555
9/12/2015,3.253333
10/12/2015,3.24
11/12/2015,3.075555
14/12/2015,2.973333
15/12/2015,3.08
16/12/2015,3.013333
17/12/2015,3.093333
18/12/2015,3.088888
21/12/2015,3.035555
22/12/2015,3.111111
23/12/2015,3.168888
24/12/2015,3.111111
28/12/2015,3.031111
29/12/2015,3.075555
30/12/2015,3.057777
31/12/2015,3.137777
4/1/2016,2.973333
5/1/2016,3.053333
6/1/2016,3.075555
7/1/2016,2.946666
8/1/2016,2.355555
11/1/2016,2.453333
12/1/2016,2.4
13/1/2016,2.431111
14/1/2016,2.408888
15/1/2016,2.475555
18/1/2016,2.355555
19/1/2016,2.466666
20/1/2016,2.28
21/1/2016,2.164444
22/1/2016,2.28
25/1/2016,2.32
26/1/2016,2.333333
27/1/2016,2.306666
28/1/2016,2.271111
29/1/2016,2.355555
1/2/2016,2.382222
2/2/2016,2.404444
3/2/2016,2.288888
4/2/2016,2.302222
5/2/2016,2.466666
11/2/2016,2.475555
12/2/2016,2.444444
15/2/2016,2.542222
16/2/2016,2.573333
17/2/2016,2.48
18/2/2016,2.608888
19/2/2016,2.711111
22/2/2016,2.711111
23/2/2016,2.675555
24/2/2016,2.622222
25/2/2016,2.56
26/2/2016,2.604444
29/2/2016,2.528888
1/3/2016,2.573333
2/3/2016,2.666666
3/3/2016,2.573333
4/3/2016,2.52
7/3/2016,2.591111
8/3/2016,2.475555
9/3/2016,2.502222
10/3/2016,2.466666
11/3/2016,2.471111
14/3/2016,2.533333
15/3/2016,2.502222
16/3/2016,2.448888
17/3/2016,2.52
18/3/2016,2.515555
21/3/2016,2.537777
22/3/2016,2.666666
23/3/2016,2.631111
24/3/2016,2.742222
29/3/2016,2.68
30/3/2016,2.675555
31/3/2016,2.586666
1/4/2016,2.52
5/4/2016,2.48
6/4/2016,2.484444
7/4/2016,2.555555
8/4/2016,2.613333
11/4/2016,2.608888
12/4/2016,2.555555
13/4/2016,2.537777
14/4/2016,2.573333
15/4/2016,2.56
18/4/2016,2.56
19/4/2016,2.524444
20/4/2016,2.444444
21/4/2016,2.573333
22/4/2016,2.52
25/4/2016,2.502222
26/4/2016,2.475555
27/4/2016,2.48
28/4/2016,2.462222
29/4/2016,2.453333
3/5/2016,2.462222
4/5/2016,2.502222
5/5/2016,2.471111
6/5/2016,2.426666
9/5/2016,2.422222
10/5/2016,2.44
11/5/2016,2.426666
12/5/2016,2.404444
13/5/2016,2.355555
16/5/2016,2.351111
17/5/2016,2.413333
18/5/2016,2.408888
19/5/2016,2.293333
20/5/2016,2.217777
23/5/2016,2.133333
24/5/2016,2.151111
25/5/2016,2.204444
26/5/2016,2.222222
27/5/2016,2.311111
30/5/2016,2.346666
31/5/2016,2.342222
1/6/2016,2.32
2/6/2016,2.328888
3/6/2016,2.311111
6/6/2016,2.355555
7/6/2016,2.382222
8/6/2016,2.346666
10/6/2016,2.373333
13/6/2016,2.271111
14/6/2016,2.257777
15/6/2016,2.257777
16/6/2016,2.244444
17/6/2016,2.244444
20/6/2016,2.253333
21/6/2016,2.244444
22/6/2016,2.217777
23/6/2016,2.191111
24/6/2016,2.128888
27/6/2016,2.186666
28/6/2016,2.195555
29/6/2016,2.191111
30/6/2016,2.244444
4/7/2016,2.293333
5/7/2016,2.226666
6/7/2016,2.217777
7/7/2016,2.271111
8/7/2016,2.302222
11/7/2016,2.395555
12/7/2016,2.52
13/7/2016,2.488888
14/7/2016,2.52
15/7/2016,2.564444
18/7/2016,2.4
19/7/2016,2.448888
20/7/2016,2.391111
21/7/2016,2.404444
22/7/2016,2.404444
25/7/2016,2.457777
26/7/2016,2.431111
27/7/2016,2.444444
28/7/2016,2.417777
29/7/2016,2.302222
1/8/2016,2.382222
2/8/2016,2.382222
3/8/2016,2.382222
4/8/2016,2.391111
5/8/2016,2.391111
8/8/2016,2.422222
9/8/2016,2.453333
10/8/2016,2.444444
11/8/2016,2.457777
12/8/2016,2.395555
15/8/2016,2.426666
16/8/2016,2.408888
17/8/2016,2.422222
18/8/2016,2.417777
19/8/2016,2.408888
22/8/2016,2.36
23/8/2016,2.382222
24/8/2016,2.351111
25/8/2016,2.288888
26/8/2016,2.324444
29/8/2016,2.226666
30/8/2016,2.222222
31/8/2016,2.213333
1/9/2016,2.257777
2/9/2016,2.284444
5/9/2016,2.355555
6/9/2016,2.382222
7/9/2016,2.288888
8/9/2016,2.328888
9/9/2016,2.288888
12/9/2016,2.257777
13/9/2016,2.248888
14/9/2016,2.222222
15/9/2016,2.208888
19/9/2016,2.231111
20/9/2016,2.217777
21/9/2016,2.262222
22/9/2016,2.297777
23/9/2016,2.302222
26/9/2016,2.244444
27/9/2016,2.266666
28/9/2016,2.302222
29/9/2016,2.311111
30/9/2016,2.315555
3/10/2016,2.444444
4/10/2016,2.524444
5/10/2016,2.542222
6/10/2016,2.613333
7/10/2016,2.577777
11/10/2016,2.56
12/10/2016,2.586666
13/10/2016,2.555555
14/10/2016,2.52
17/10/2016,2.564444
18/10/2016,2.564444
19/10/2016,2.542222
20/10/2016,2.56
21/10/2016,2.56
24/10/2016,2.52
25/10/2016,2.493333
26/10/2016,2.444444
27/10/2016,2.466666
28/10/2016,2.413333
31/10/2016,2.413333
1/11/2016,2.448888
2/11/2016,2.502222
3/11/2016,2.44
4/11/2016,2.466666
7/11/2016,2.515555
8/11/2016,2.466666
9/11/2016,2.4
10/11/2016,2.453333
11/11/2016,2.368888
14/11/2016,2.32
15/11/2016,2.368888
16/11/2016,2.391111
17/11/2016,2.382222
18/11/2016,2.36
21/11/2016,2.444444
22/11/2016,2.444444
23/11/2016,2.355555
24/11/2016,2.328888
25/11/2016,2.391111
28/11/2016,2.408888
29/11/2016,2.355555
30/11/2016,2.364444
1/12/2016,2.4
2/12/2016,2.382222
5/12/2016,2.417777
6/12/2016,2.444444
7/12/2016,2.506666
8/12/2016,2.497777
9/12/2016,2.502222
12/12/2016,2.417777
13/12/2016,2.466666
14/12/2016,2.444444
15/12/2016,2.373333
16/12/2016,2.364444
19/12/2016,2.36
20/12/2016,2.368888
21/12/2016,2.355555
22/12/2016,2.333333
23/12/2016,2.333333
28/12/2016,2.4
29/12/2016,2.404444
30/12/2016,2.426666
3/1/2017,2.435555
4/1/2017,2.435555
5/1/2017,2.457777
6/1/2017,2.4
9/1/2017,2.457777
10/1/2017,2.48
11/1/2017,2.484444
12/1/2017,2.466666
13/1/2017,2.502222
16/1/2017,2.52
17/1/2017,2.604444
18/1/2017,2.56
19/1/2017,2.644444
20/1/2017,2.773333
23/1/2017,2.782222
24/1/2017,2.742222
25/1/2017,2.795555
26/1/2017,2.822222
27/1/2017,2.733333
1/2/2017,2.768888
2/2/2017,2.733333
3/2/2017,2.76
6/2/2017,2.786666
7/2/2017,2.755555
8/2/2017,2.786666
9/2/2017,2.777777
10/2/2017,2.773333
13/2/2017,2.8
14/2/2017,2.773333
15/2/2017,2.773333
16/2/2017,3.008888
17/2/2017,2.92
20/2/2017,2.897777
21/2/2017,2.946666
22/2/2017,2.991111
23/2/2017,3.097777
24/2/2017,3.066666
27/2/2017,2.982222
28/2/2017,2.977777
1/3/2017,2.991111
2/3/2017,3
3/3/2017,2.906666
6/3/2017,2.933333
7/3/2017,2.884444
8/3/2017,2.92
9/3/2017,2.92
10/3/2017,2.906666
13/3/2017,3.097777
14/3/2017,2.871111
15/3/2017,2.902222
16/3/2017,2.884444
17/3/2017,2.946666
20/3/2017,2.986666
21/3/2017,2.995555
22/3/2017,2.977777
23/3/2017,2.991111
24/3/2017,3.017777
27/3/2017,2.902222
28/3/2017,2.977777
29/3/2017,2.977777
30/3/2017,2.937777
31/3/2017,2.844444
3/4/2017,2.835555
5/4/2017,2.871111
6/4/2017,2.893333
7/4/2017,2.888888
10/4/2017,2.844444
11/4/2017,2.76
12/4/2017,2.795555
13/4/2017,2.826666
18/4/2017,2.768888
19/4/2017,2.746666
20/4/2017,2.768888
21/4/2017,2.804444
24/4/2017,2.848888
25/4/2017,2.893333
26/4/2017,2.831111
27/4/2017,2.853333
28/4/2017,2.844444
2/5/2017,2.813333
4/5/2017,2.786666
5/5/2017,2.777777
8/5/2017,2.764444
9/5/2017,2.795555
10/5/2017,2.808888
11/5/2017,2.822222
12/5/2017,2.906666
15/5/2017,2.884444
16/5/2017,2.893333
17/5/2017,2.884444
18/5/2017,2.902222
19/5/2017,2.973333
22/5/2017,3.053333
23/5/2017,3.031111
24/5/2017,3.048888
25/5/2017,3.084444
26/5/2017,3.062222
29/5/2017,3.04
31/5/2017,3.088888
1/6/2017,3.133333
2/6/2017,3.106666
5/6/2017,3.164444
6/6/2017,3.151111
7/6/2017,3.235555
8/6/2017,3.213333
9/6/2017,3.182222
12/6/2017,3.142222
13/6/2017,3.066666
14/6/2017,3.04
15/6/2017,3.04
16/6/2017,3.088888
19/6/2017,3.102222
20/6/2017,3.115555
21/6/2017,3.137777
22/6/2017,3.124444
23/6/2017,3.097777
26/6/2017,3.071111
27/6/2017,3.035555
28/6/2017,3.088888
29/6/2017,3.08
30/6/2017,3.066666
3/7/2017,3.066666
4/7/2017,3.022222
5/7/2017,3.035555
6/7/2017,3.017777
7/7/2017,3.022222
10/7/2017,2.995555
11/7/2017,3.026666
12/7/2017,3.013333
13/7/2017,3.075555
14/7/2017,3.071111
17/7/2017,3.022222
18/7/2017,2.995555
19/7/2017,3.044444
20/7/2017,3.071111
21/7/2017,3.035555
24/7/2017,3.128888
25/7/2017,3.08
26/7/2017,3.075555
27/7/2017,3.035555
28/7/2017,3.013333
31/7/2017,3.066666
1/8/2017,3.057777
2/8/2017,3.013333
3/8/2017,2.973333
4/8/2017,3.013333
7/8/2017,3.013333
8/8/2017,3.102222
9/8/2017,3.075555
10/8/2017,3.062222
11/8/2017,2.973333
14/8/2017,3
15/8/2017,2.982222
16/8/2017,3.004444
17/8/2017,2.977777
18/8/2017,2.893333
21/8/2017,2.893333
22/8/2017,3.026666
23/8/2017,3.026666
24/8/2017,3.097777
25/8/2017,3.093333
28/8/2017,3.066666
29/8/2017,3.031111
30/8/2017,3.044444
31/8/2017,3.053333
1/9/2017,3.173333
4/9/2017,3.364444
5/9/2017,3.364444
6/9/2017,3.475555
7/9/2017,3.426666
8/9/2017,3.466666
11/9/2017,3.337777
12/9/2017,3.448888
13/9/2017,3.497777
14/9/2017,3.4
15/9/2017,3.444444
18/9/2017,3.537777
19/9/2017,3.697777
20/9/2017,3.728888
21/9/2017,3.657777
22/9/2017,3.671111
25/9/2017,3.591111
26/9/2017,3.635555
27/9/2017,3.702222
28/9/2017,3.657777
29/9/2017,3.671111
3/10/2017,3.813333
4/10/2017,3.795555
6/10/2017,3.888888
9/10/2017,3.862222
10/10/2017,3.977777
11/10/2017,3.915555
12/10/2017,3.871111
13/10/2017,3.857777
16/10/2017,3.946666
17/10/2017,3.893333
18/10/2017,3.915555
19/10/2017,3.897777
20/10/2017,3.982222
23/10/2017,4.004444
24/10/2017,3.906666
25/10/2017,3.906666
26/10/2017,3.942222
27/10/2017,3.831111
30/10/2017,3.813333
31/10/2017,4.048888
1/11/2017,4.266666
2/11/2017,4.235555
3/11/2017,4.373333
6/11/2017,4.666666
7/11/2017,4.568888
8/11/2017,4.604444
9/11/2017,4.56
10/11/2017,5.075555
13/11/2017,5.111111
14/11/2017,4.951111
15/11/2017,4.826666
16/11/2017,4.933333
17/11/2017,5.022222
20/11/2017,4.897777
21/11/2017,5.128888
22/11/2017,4.977777
23/11/2017,4.622222
24/11/2017,4.853333
27/11/2017,4.711111
28/11/2017,4.755555
29/11/2017,4.764444
30/11/2017,4.542222
1/12/2017,4.577777
4/12/2017,4.782222
5/12/2017,4.702222
6/12/2017,4.542222
7/12/2017,4.88
8/12/2017,4.977777
11/12/2017,5.253333
12/12/2017,5.457777
13/12/2017,5.484444
14/12/2017,5.68
15/12/2017,5.431111
18/12/2017,5.555555
19/12/2017,5.555555
20/12/2017,5.555555
21/12/2017,5.804444
22/12/2017,5.777777
27/12/2017,5.76
28/12/2017,5.973333
29/12/2017,6.16
2/1/2018,6.133333
3/1/2018,6.177777
4/1/2018,6.284444
5/1/2018,6.133333
8/1/2018,6.266666
9/1/2018,6.622222
10/1/2018,6.488888
11/1/2018,6.471111
12/1/2018,6.835555
15/1/2018,6.604444
16/1/2018,6.595555
17/1/2018,6.577777
18/1/2018,6.257777
19/1/2018,6.604444
22/1/2018,6.897777
23/1/2018,6.924444
24/1/2018,6.871111
25/1/2018,6.791111
26/1/2018,6.764444
29/1/2018,6.64
30/1/2018,6.604444
31/1/2018,6.408888
1/2/2018,6.328888
2/2/2018,6.595555
5/2/2018,6.4
6/2/2018,5.893333
7/2/2018,5.857777
8/2/2018,6.071111
9/2/2018,5.76
12/2/2018,6.088888
13/2/2018,6.24
14/2/2018,6.177777
15/2/2018,6.222222
20/2/2018,6.213333
21/2/2018,6.266666
22/2/2018,6.204444
23/2/2018,6.355555
26/2/2018,6.675555
27/2/2018,6.568888
28/2/2018,6.586666
1/3/2018,6.56
2/3/2018,6.4
5/3/2018,6.222222
6/3/2018,6.32
7/3/2018,6.391111
8/3/2018,6.782222
9/3/2018,6.826666
12/3/2018,6.933333
13/3/2018,6.764444
14/3/2018,6.764444
15/3/2018,6.888888
16/3/2018,6.791111
19/3/2018,6.897777
20/3/2018,7.377777
21/3/2018,7.2
22/3/2018,7.164444
23/3/2018,6.835555
26/3/2018,6.942222
27/3/2018,7.075555
28/3/2018,6.897777
29/3/2018,6.844444
3/4/2018,7.022222
4/4/2018,7.12
6/4/2018,7.182222
9/4/2018,7.502222
10/4/2018,7.448888
11/4/2018,7.422222
12/4/2018,7.555555
13/4/2018,7.297777
16/4/2018,7.262222
17/4/2018,6.853333
18/4/2018,6.968888
19/4/2018,7.155555
20/4/2018,6.986666
23/4/2018,6.924444
24/4/2018,7.075555
25/4/2018,7.457777
26/4/2018,7.377777
27/4/2018,7.466666
30/4/2018,7.422222
2/5/2018,7.191111
3/5/2018,7.351111
4/5/2018,7.608888
7/5/2018,7.813333
8/5/2018,7.937777
9/5/2018,8.293333
10/5/2018,8.168888
11/5/2018,8.195555
14/5/2018,8.515555
15/5/2018,8.604444
16/5/2018,8.48
17/5/2018,8.488888
18/5/2018,8.462222
21/5/2018,8.124444
23/5/2018,8.213333
24/5/2018,8.373333
25/5/2018,8.648888
28/5/2018,9.066666
29/5/2018,8.533333
30/5/2018,8.577777
31/5/2018,8.817777
1/6/2018,8.64
4/6/2018,8.773333
5/6/2018,8.746666
6/6/2018,8.746666
7/6/2018,8.306666
8/6/2018,8.373333
11/6/2018,8.453333
12/6/2018,8.88
13/6/2018,8.626666
14/6/2018,8.586666
15/6/2018,8.466666
19/6/2018,8.16
20/6/2018,8.373333
21/6/2018,8.306666
22/6/2018,8.146666
25/6/2018,7.84
26/6/2018,8.12
27/6/2018,7.586666
28/6/2018,7.533333
29/6/2018,8.026666
3/7/2018,7.826666
4/7/2018,7.426666
5/7/2018,7.293333
6/7/2018,7.493333
9/7/2018,7.893333
10/7/2018,7.96
11/7/2018,7.853333
12/7/2018,8.08
13/7/2018,8.133333
16/7/2018,8.186666
17/7/2018,7.946666
18/7/2018,8.146666
19/7/2018,7.88
20/7/2018,7.773333
23/7/2018,7.586666
24/7/2018,7.373333
25/7/2018,7.506666
26/7/2018,7.68
27/7/2018,7.6
30/7/2018,7.373333
31/7/2018,7.146666
1/8/2018,7.226666
2/8/2018,7.186666
3/8/2018,6.88
6/8/2018,6.426666
7/8/2018,6.72
8/8/2018,6.84
9/8/2018,6.973333
10/8/2018,6.906666
13/8/2018,7.186666
14/8/2018,6.8
15/8/2018,6.346666
16/8/2018,6.24
17/8/2018,6
20/8/2018,5.906666
21/8/2018,6.333333
22/8/2018,6.213333
23/8/2018,6.52
24/8/2018,6.733333
27/8/2018,6.973333
28/8/2018,6.813333
29/8/2018,6.88
30/8/2018,6.66
31/8/2018,6.626666
3/9/2018,6.433333
4/9/2018,6.653333
5/9/2018,6.433333
6/9/2018,6.293333
7/9/2018,6.16
10/9/2018,5.98
11/9/2018,5.84
12/9/2018,5
13/9/2018,4.92
14/9/2018,4.953333
17/9/2018,4.753333
18/9/2018,4.88
19/9/2018,5.006666
20/9/2018,4.926666
21/9/2018,5.146666
24/9/2018,5.026666
26/9/2018,5.053333
27/9/2018,4.966666
28/9/2018,4.866666
2/10/2018,4.74
3/10/2018,4.633333
4/10/2018,4.5
5/10/2018,4.513333
8/10/2018,4.34
9/10/2018,4.366666
10/10/2018,4.366666
11/10/2018,4.126666
12/10/2018,4.34
15/10/2018,4.486666
16/10/2018,4.446666
18/10/2018,4.386666
19/10/2018,4.453333
22/10/2018,4.926666
23/10/2018,4.606666
24/10/2018,4.66
25/10/2018,4.733333
26/10/2018,4.56
29/10/2018,4.413333
30/10/2018,4.486666
31/10/2018,4.686666
1/11/2018,4.92
2/11/2018,5.46
5/11/2018,5.286666
6/11/2018,5.473333
7/11/2018,5.46
8/11/2018,5.4
9/11/2018,5.26
12/11/2018,5.34
13/11/2018,5.386666
14/11/2018,5.146666
15/11/2018,4.953333
16/11/2018,4.906666
19/11/2018,5.006666
20/11/2018,4.793333
21/11/2018,4.96
22/11/2018,4.713333
23/11/2018,4.713333
26/11/2018,4.793333
27/11/2018,4.82
28/11/2018,4.946666
29/11/2018,4.733333
30/11/2018,4.76
3/12/2018,4.873333
4/12/2018,4.82
5/12/2018,4.633333
6/12/2018,3.893333
7/12/2018,3.586666
10/12/2018,3.526666
11/12/2018,3.613333
12/12/2018,3.593333
13/12/2018,3.646666
14/12/2018,3.473333
17/12/2018,3.5
18/12/2018,3.553333
19/12/2018,3.466666
20/12/2018,3.393333
21/12/2018,3.386666
24/12/2018,3.433333
27/12/2018,3.333333
28/12/2018,3.393333
31/12/2018,3.44
2/1/2019,3.313333
3/1/2019,3.086666
4/1/2019,3.346666
7/1/2019,3.34
8/1/2019,3.366666
9/1/2019,3.386666
10/1/2019,3.78
11/1/2019,3.633333
14/1/2019,3.573333
15/1/2019,3.64
16/1/2019,3.9
17/1/2019,4.013333
18/1/2019,4.306666
21/1/2019,4.153333
22/1/2019,4.02
23/1/2019,4.066666
24/1/2019,4.06
25/1/2019,4.06
28/1/2019,4
29/1/2019,4.253333
30/1/2019,4.206666
31/1/2019,4.4
1/2/2019,4.466666
4/2/2019,4.486666
8/2/2019,4.4
11/2/2019,4.473333
12/2/2019,4.7
13/2/2019,4.706666
14/2/2019,4.74
15/2/2019,4.593333
18/2/2019,4.64
19/2/2019,4.36
20/2/2019,4.273333
21/2/2019,4.346666
22/2/2019,4.386666
25/2/2019,4.44
26/2/2019,4.673333
27/2/2019,4.6
28/2/2019,4.54
1/3/2019,4.56
4/3/2019,4.68
5/3/2019,4.713333
6/3/2019,4.66
7/3/2019,4.533333
8/3/2019,4.373333
11/3/2019,4.633333
12/3/2019,4.706666
13/3/2019,4.526666
14/3/2019,4.446666
15/3/2019,4.58
18/3/2019,4.68
19/3/2019,4.92
20/3/2019,4.753333
21/3/2019,4.9
22/3/2019,4.866666
25/3/2019,4.666666
26/3/2019,4.633333
27/3/2019,4.653333
28/3/2019,4.606666
29/3/2019,4.773333
1/4/2019,4.88
2/4/2019,4.833333
3/4/2019,4.986666
4/4/2019,4.966666
8/4/2019,5.32
9/4/2019,5.5
10/4/2019,5.44
11/4/2019,5.36
12/4/2019,5.333333
15/4/2019,5.22
16/4/2019,5.3
17/4/2019,5.313333
18/4/2019,5.2
23/4/2019,5.046666
24/4/2019,5.086666
25/4/2019,5.006666
26/4/2019,5.006666
29/4/2019,5.053333
30/4/2019,5.026666
2/5/2019,4.993333
3/5/2019,5.133333
6/5/2019,4.886666
7/5/2019,4.92
8/5/2019,4.933333
9/5/2019,4.686666
10/5/2019,4.92
14/5/2019,4.953333
15/5/2019,5.12
16/5/2019,5.42
17/5/2019,5.253333
20/5/2019,5.213333
21/5/2019,5.106666
22/5/2019,5.133333
23/5/2019,4.88
24/5/2019,4.906666
27/5/2019,5.22
28/5/2019,5.386666
29/5/2019,5.273333
30/5/2019,5.233333
31/5/2019,5.273333
3/6/2019,5.206666
4/6/2019,5.08
5/6/2019,4.653333
6/6/2019,4.6
10/6/2019,4.76
11/6/2019,4.793333
12/6/2019,4.666666
13/6/2019,4.7
14/6/2019,4.733333
17/6/2019,4.813333
18/6/2019,4.933333
19/6/2019,5.1
20/6/2019,5.186666
21/6/2019,5.12
24/6/2019,5.233333
25/6/2019,5.213333
26/6/2019,5.36
27/6/2019,5.44
28/6/2019,5.326666
2/7/2019,5.54
3/7/2019,5.626666
4/7/2019,5.786666
5/7/2019,5.866666
8/7/2019,5.666666
9/7/2019,5.626666
10/7/2019,5.813333
11/7/2019,5.773333
12/7/2019,5.68
15/7/2019,5.993333
16/7/2019,5.953333
17/7/2019,5.913333
18/7/2019,5.886666
19/7/2019,6
22/7/2019,5.926666
23/7/2019,6.26
24/7/2019,6.166666
25/7/2019,6.393333
26/7/2019,6.3
29/7/2019,6.333333
30/7/2019,6.386666
31/7/2019,6.453333
1/8/2019,6.4
2/8/2019,6.086666
5/8/2019,5.98
6/8/2019,6.146666
7/8/2019,6.173333
8/8/2019,6.3
9/8/2019,6.213333
12/8/2019,6.286666
13/8/2019,6.073333
14/8/2019,6.046666
15/8/2019,6.04
16/8/2019,6.28
19/8/2019,6.62
20/8/2019,6.733333
21/8/2019,6.973333
22/8/2019,7.04
23/8/2019,7.186666
26/8/2019,7.24
27/8/2019,7.333333
28/8/2019,7.08
29/8/2019,7.773333
30/8/2019,7.773333
2/9/2019,7.88
3/9/2019,7.786666
4/9/2019,7.786666
5/9/2019,7.866666
6/9/2019,7.613333
9/9/2019,7.293333
10/9/2019,7.293333
11/9/2019,7.173333
12/9/2019,7.226666
13/9/2019,7.333333
16/9/2019,7.186666
17/9/2019,7.2
18/9/2019,7.186666
19/9/2019,7.173333
20/9/2019,7.12
23/9/2019,6.906666
24/9/2019,6.986666
25/9/2019,6.613333
26/9/2019,6.706666
27/9/2019,6.693333
30/9/2019,6.64
2/10/2019,6.706666
3/10/2019,6.786666
4/10/2019,6.8
8/10/2019,6.986666
9/10/2019,7
10/10/2019,7.24
11/10/2019,7.213333
14/10/2019,7.44
15/10/2019,7.546666
16/10/2019,7.56
17/10/2019,7.493333
18/10/2019,7.44
21/10/2019,7.453333
22/10/2019,7.36
23/10/2019,7.2
24/10/2019,7.28
25/10/2019,7.533333
28/10/2019,7.626666
29/10/2019,7.76
30/10/2019,7.733333
31/10/2019,7.813333
1/11/2019,7.813333
4/11/2019,8.106666
5/11/2019,7.88
6/11/2019,7.893333
7/11/2019,8.066666
8/11/2019,7.866666
11/11/2019,7.64
12/11/2019,7.52
13/11/2019,7.586666
14/11/2019,7.533333
15/11/2019,7.466666
18/11/2019,7.426666
19/11/2019,7.786666
20/11/2019,7.706666
21/11/2019,7.546666
22/11/2019,7.506666
25/11/2019,7.36
26/11/2019,7.466666
27/11/2019,7.12
28/11/2019,7.08
29/11/2019,6.733333
2/12/2019,6.706666
3/12/2019,6.786666
4/12/2019,6.746666
5/12/2019,6.906666
6/12/2019,7.08
9/12/2019,6.746666
10/12/2019,6.746666
11/12/2019,6.813333
12/12/2019,6.88
13/12/2019,6.893333
16/12/2019,6.866666
17/12/2019,7.12
18/12/2019,7.08
19/12/2019,7.066666
20/12/2019,7.173333
23/12/2019,7.346666
24/12/2019,7.346666
27/12/2019,7.453333
30/12/2019,7.253333
31/12/2019,7.266666
2/1/2020,7.333333
3/1/2020,7.213333
6/1/2020,7
7/1/2020,7.133333
8/1/2020,7.08
9/1/2020,7.266666
10/1/2020,7.32
13/1/2020,7.386666
14/1/2020,7.293333
15/1/2020,7.213333
16/1/2020,7.56
17/1/2020,7.826666
20/1/2020,8.213333
21/1/2020,7.96
22/1/2020,8.08
23/1/2020,7.706666
24/1/2020,7.653333
29/1/2020,7.426666
30/1/2020,7.013333
31/1/2020,6.946666
3/2/2020,7.146666
4/2/2020,7.386666
5/2/2020,7.426666
6/2/2020,7.52
7/2/2020,7.493333
10/2/2020,7.506666
11/2/2020,7.733333
12/2/2020,7.733333
13/2/2020,7.733333
14/2/2020,7.853333
17/2/2020,7.84
18/2/2020,7.68
19/2/2020,7.706666
20/2/2020,7.64
21/2/2020,7.52
24/2/2020,7.333333
25/2/2020,7.44
26/2/2020,7.36
27/2/2020,7.613333
28/2/2020,7.52
2/3/2020,7.573333
3/3/2020,7.8
4/3/2020,7.853333
5/3/2020,8.226666
6/3/2020,8.213333
9/3/2020,7.693333
10/3/2020,7.573333
11/3/2020,7.493333
12/3/2020,7.32
13/3/2020,7.386666
16/3/2020,6.946666
17/3/2020,6.84
18/3/2020,6.746666
19/3/2020,6.466666
20/3/2020,6.84
23/3/2020,6.586666
24/3/2020,6.96
25/3/2020,7.213333
26/3/2020,7.133333
27/3/2020,7.08
30/3/2020,7.12
31/3/2020,6.813333
1/4/2020,6.72
2/4/2020,6.893333
3/4/2020,7.026666
6/4/2020,7.133333
7/4/2020,7.333333
8/4/2020,7.28
9/4/2020,7.52
14/4/2020,7.48
15/4/2020,7.493333
16/4/2020,7.453333
17/4/2020,7.693333
20/4/2020,7.92
21/4/2020,7.293333
22/4/2020,7.386666
23/4/2020,7.506666
24/4/2020,7.48
27/4/2020,7.68
28/4/2020,7.706666
29/4/2020,7.56
4/5/2020,7.333333
5/5/2020,7.48
6/5/2020,7.893333
7/5/2020,7.866666
8/5/2020,7.92
11/5/2020,7.88
12/5/2020,7.786666
13/5/2020,8
14/5/2020,7.96
15/5/2020,7.973333
18/5/2020,8.066666
19/5/2020,8.146666
20/5/2020,8.266666
21/5/2020,8.053333
22/5/2020,7.6
25/5/2020,7.666666
26/5/2020,7.973333
27/5/2020,7.96
28/5/2020,7.573333
29/5/2020,8.133333
1/6/2020,8.68
2/6/2020,8.706666
3/6/2020,8.853333
4/6/2020,9
5/6/2020,9.133333
8/6/2020,9.2
9/6/2020,9.12
10/6/2020,9.28
11/6/2020,9.24
12/6/2020,9.173333
15/6/2020,9.04
16/6/2020,9.4
17/6/2020,9.84
18/6/2020,9.733333
19/6/2020,9.88
22/6/2020,9.613333
23/6/2020,9.973333
24/6/2020,9.92
26/6/2020,9.733333
29/6/2020,9.746666
30/6/2020,9.733333
2/7/2020,9.853333
3/7/2020,9.92
6/7/2020,9.506666
7/7/2020,9.72
8/7/2020,9.84
9/7/2020,9.933333
10/7/2020,10.133333
13/7/2020,10.173333
14/7/2020,10.013333
15/7/2020,10.093333
16/7/2020,9.666666
17/7/2020,10.093333
20/7/2020,10.06
21/7/2020,10.76
22/7/2020,10.42
23/7/2020,10.88
24/7/2020,9.94
27/7/2020,10.16
28/7/2020,10.14
29/7/2020,9.99
30/7/2020,10.16
31/7/2020,10.1
3/8/2020,10
4/8/2020,10
5/8/2020,9.97
6/8/2020,9.91
7/8/2020,9.7
10/8/2020,9.37
11/8/2020,9.4
12/8/2020,9.2
13/8/2020,9.26
14/8/2020,9.16
17/8/2020,9.25
18/8/2020,9.46
19/8/2020,9.4
20/8/2020,9.19
21/8/2020,9.18
24/8/2020,9.39
25/8/2020,9.02
26/8/2020,9.11
27/8/2020,9.1
28/8/2020,9.24
31/8/2020,8.95
1/9/2020,8.89
2/9/2020,9.27
3/9/2020,9.25
4/9/2020,9.09
7/9/2020,8.89
8/9/2020,8.8
9/9/2020,8.78
10/9/2020,8.68
11/9/2020,8.82
14/9/2020,8.87
15/9/2020,9
16/9/2020,9.03
17/9/2020,8.91
18/9/2020,8.93
21/9/2020,8.79
22/9/2020,8.68
23/9/2020,8.9
24/9/2020,8.78
25/9/2020,8.58
28/9/2020,8.56
29/9/2020,8.41
30/9/2020,8.44
5/10/2020,8.31
6/10/2020,8.54
7/10/2020,8.69
8/10/2020,8.6
9/10/2020,8.47
12/10/2020,8.53
14/10/2020,8.3
15/10/2020,8.13
16/10/2020,7.95
19/10/2020,8.02
20/10/2020,8.02
21/10/2020,8.03
22/10/2020,7.98
23/10/2020,7.94
27/10/2020,7.83
28/10/2020,7.99
29/10/2020,7.94
30/10/2020,7.82
2/11/2020,7.7
3/11/2020,7.87
4/11/2020,7.94
5/11/2020,8.15
6/11/2020,8.12
9/11/2020,8.16
10/11/2020,8.01
11/11/2020,7.93
12/11/2020,7.98
13/11/2020,7.94
16/11/2020,7.87
17/11/2020,7.77
18/11/2020,7.7
19/11/2020,7.8
20/11/2020,7.88
23/11/2020,7.75
24/11/2020,7.73
25/11/2020,7.64
26/11/2020,7.62
27/11/2020,7.59
30/11/2020,7.8
1/12/2020,6.88
2/12/2020,6.65
3/12/2020,6.71
4/12/2020,6.69
7/12/2020,7
8/12/2020,6.9
9/12/2020,6.84
10/12/2020,6.81
11/12/2020,6.73
14/12/2020,6.76
15/12/2020,7.12
16/12/2020,7.29
17/12/2020,7.86
18/12/2020,7.81
21/12/2020,7.7
22/12/2020,7.61
23/12/2020,7.47
24/12/2020,7.43
28/12/2020,7.47
29/12/2020,7.65
30/12/2020,7.54
31/12/2020,7.55
4/1/2021,7.7
5/1/2021,7.6
6/1/2021,7.63
7/1/2021,7.48
8/1/2021,7.57
11/1/2021,7.47
12/1/2021,7.36
13/1/2021,7.13
14/1/2021,7.1
15/1/2021,7.06
18/1/2021,7.04
19/1/2021,7.37
20/1/2021,7.79
21/1/2021,8.1
22/1/2021,7.98
25/1/2021,7.82
26/1/2021,7.66
27/1/2021,7.51
28/1/2021,7.25
29/1/2021,7.23
1/2/2021,7.29
2/2/2021,7.61
3/2/2021,7.61
4/2/2021,7.6
5/2/2021,7.44
8/2/2021,7.49
9/2/2021,7.48
10/2/2021,7.57
11/2/2021,7.6
16/2/2021,7.62
17/2/2021,7.73
18/2/2021,7.59
19/2/2021,7.63
22/2/2021,7.4
23/2/2021,8.29
24/2/2021,8.5
25/2/2021,8.75
26/2/2021,8.63
1/3/2021,8.67
2/3/2021,9.06
3/3/2021,8.8
4/3/2021,8.48
5/3/2021,8.28
8/3/2021,7.95
9/3/2021,8.02
10/3/2021,8.28
11/3/2021,8.5
12/3/2021,8.37
15/3/2021,8.51
16/3/2021,8.8
17/3/2021,8.96
18/3/2021,8.85
19/3/2021,8.61
22/3/2021,8.52
23/3/2021,8.31
24/3/2021,7.98
25/3/2021,7.68
26/3/2021,8
29/3/2021,7.8
30/3/2021,7.81
31/3/2021,7.78
1/4/2021,7.76
7/4/2021,7.95
8/4/2021,8.2
9/4/2021,8.1
12/4/2021,7.96
13/4/2021,7.96
14/4/2021,8.06
15/4/2021,8.16
16/4/2021,8.06
19/4/2021,8.28
20/4/2021,8.19
21/4/2021,8.2
22/4/2021,8.37
23/4/2021,8.45
26/4/2021,8.3
27/4/2021,8.41
28/4/2021,8.38
29/4/2021,8.31
30/4/2021,8.37
3/5/2021,8.41
4/5/2021,8.52
5/5/2021,8.4
6/5/2021,7.91
7/5/2021,7.96
10/5/2021,8.17
11/5/2021,8.13
12/5/2021,8.2
13/5/2021,8.2
14/5/2021,8.49
17/5/2021,8.43
18/5/2021,8.87
20/5/2021,8.58
21/5/2021,8.77
24/5/2021,9.05
25/5/2021,8.79
26/5/2021,8.76
27/5/2021,9
28/5/2021,8.6
31/5/2021,8.72
1/6/2021,8.63
2/6/2021,8.71
3/6/2021,8.7
4/6/2021,8.6
7/6/2021,8.74
8/6/2021,8.54
9/6/2021,8.49
10/6/2021,8.47
11/6/2021,8.3
15/6/2021,8.22
16/6/2021,7.95
17/6/2021,7.88
18/6/2021,7.73
21/6/2021,7.6
22/6/2021,7.63
23/6/2021,7.61
24/6/2021,7.7
25/6/2021,7.72
28/6/2021,7.75
29/6/2021,7.72
30/6/2021,7.62
2/7/2021,7.47
5/7/2021,7.33
6/7/2021,7.13
7/7/2021,7.12
8/7/2021,7.03
9/7/2021,6.95
12/7/2021,7
13/7/2021,7.03
14/7/2021,7.2
15/7/2021,7.27
16/7/2021,7.09
19/7/2021,7.16
20/7/2021,7.05
21/7/2021,6.99
22/7/2021,7.05
23/7/2021,6.99
26/7/2021,6.67
27/7/2021,6.33
28/7/2021,6.49
29/7/2021,6.63
30/7/2021,6.6
2/8/2021,6.69
3/8/2021,6.84
4/8/2021,6.92
5/8/2021,6.87
6/8/2021,6.94
9/8/2021,6.8
10/8/2021,6.91
11/8/2021,6.85
12/8/2021,6.66
13/8/2021,6.62
16/8/2021,6.6
17/8/2021,6.5
18/8/2021,6.46
19/8/2021,6.62
20/8/2021,6.31
23/8/2021,6.41
24/8/2021,6.46
25/8/2021,6.45
26/8/2021,6.26
27/8/2021,6.24
30/8/2021,6.35
31/8/2021,6.51
1/9/2021,6.71
2/9/2021,6.68
3/9/2021,6.82
6/9/2021,6.85
7/9/2021,6.78
8/9/2021,6.77
9/9/2021,6.62
10/9/2021,6.79
13/9/2021,6.71
14/9/2021,6.67
15/9/2021,6.43
16/9/2021,6.27
17/9/2021,6.36
20/9/2021,6.24
21/9/2021,6.23
23/9/2021,6.34
24/9/2021,6.28
27/9/2021,6.28
28/9/2021,6.22
29/9/2021,6.31
30/9/2021,6.46
4/10/2021,6.13
5/10/2021,5.94
6/10/2021,5.74
7/10/2021,5.8
8/10/2021,5.92
11/10/2021,6.01
12/10/2021,5.9
15/10/2021,6.01
18/10/2021,6.02
19/10/2021,6.06
20/10/2021,6.06
21/10/2021,5.97
22/10/2021,5.99
25/10/2021,5.95
26/10/2021,5.8
27/10/2021,5.76
28/10/2021,5.75
29/10/2021,5.76
1/11/2021,5.73
2/11/2021,5.58
3/11/2021,5.56
4/11/2021,5.64
5/11/2021,5.49
8/11/2021,5.4
9/11/2021,5.47
10/11/2021,5.61
11/11/2021,5.65
12/11/2021,5.58
15/11/2021,5.59
16/11/2021,5.8
17/11/2021,5.9
18/11/2021,5.83
19/11/2021,5.8
22/11/2021,5.74
23/11/2021,5.62
24/11/2021,5.63
25/11/2021,5.72
26/11/2021,5.62
29/11/2021,5.64
30/11/2021,5.69
1/12/2021,5.55
2/12/2021,5.5
3/12/2021,5.7
6/12/2021,5.57
7/12/2021,5.45
8/12/2021,5.53
9/12/2021,5.77
10/12/2021,5.65
13/12/2021,5.63
14/12/2021,5.58
15/12/2021,5.3
16/12/2021,5.47
17/12/2021,5.41
20/12/2021,5.36
21/12/2021,5.42
22/12/2021,5.46
23/12/2021,5.46
24/12/2021,5.44
28/12/2021,5.47
29/12/2021,5.32
30/12/2021,5.36
31/12/2021,5.46
3/1/2022,5.62
4/1/2022,5.75
5/1/2022,5.83
6/1/2022,5.84
7/1/2022,5.86
10/1/2022,6.21
11/1/2022,6.11
12/1/2022,6.03
13/1/2022,5.97
14/1/2022,6.15
17/1/2022,6.15
18/1/2022,6.05
19/1/2022,6.04
20/1/2022,6.05
21/1/2022,6.08
24/1/2022,5.93
25/1/2022,5.6
26/1/2022,5.52
27/1/2022,5.42
28/1/2022,5.35
31/1/2022,5.39
4/2/2022,5.46
7/2/2022,5.5
8/2/2022,5.49
9/2/2022,5.59
10/2/2022,5.62
11/2/2022,5.5
14/2/2022,5.47
15/2/2022,5.51
16/2/2022,5.49
17/2/2022,5.56
18/2/2022,5.51
21/2/2022,5.56
22/2/2022,5.42
23/2/2022,5.49
24/2/2022,5.21
25/2/2022,5.25
28/2/2022,4.98
1/3/2022,4.98
2/3/2022,4.79
3/3/2022,4.82
4/3/2022,4.62
7/3/2022,4.4
8/3/2022,4.28
9/3/2022,4.33
10/3/2022,4.44
11/3/2022,4.39
14/3/2022,4.09
15/3/2022,3.8
16/3/2022,4.12
17/3/2022,4.62
18/3/2022,4.6
21/3/2022,4.64
